SERIES,TS,Y,FORECAST,LOWER_BOUND,UPPER_BOUND,IS_ANOMALY,PERCENTILE,DISTANCE
,2017-02-05 04:00:00.000,16,131.694553608,-282.849684436,546.238791652,false,0.2361060481,-0.7188844859
,2017-02-05 05:00:00.000,24,86.251466564,-328.29277148,500.795704608,false,0.3494490663,-0.3868082995
,2017-02-05 06:00:00.000,15,120.653896136,-293.890341909,535.19813418,false,0.2557527005,-0.6564954394
,2017-02-05 07:00:00.000,15,117.964518515,-296.579719529,532.508756559,false,0.2611563194,-0.6397846108
,2017-02-05 08:00:00.000,7,91.31809397,-323.226144074,505.862332015,false,0.3001662528,-0.5239224125
,2017-02-05 09:00:00.000,6,154.828570354,-259.715667691,569.372808398,false,0.1775434586,-0.9247673892
,2017-02-05 10:00:00.000,6,192.025062041,-222.519176004,606.569300085,false,0.1238624517,-1.155893056
,2017-02-05 11:00:00.000,3,153.460689289,-261.083548755,568.004927333,false,0.1749176531,-0.9349087912
,2017-02-05 12:00:00.000,3,173.857719146,-240.686518898,588.40195719,false,0.1441976155,-1.061648624
,2017-02-05 13:00:00.000,5,162.73711172,-251.807126324,577.281349764,false,0.163512982,-0.980121872
,2017-02-05 14:00:00.000,8,86.23186981,-328.312368234,500.776107855,false,0.313446433,-0.4861047971
,2017-02-05 15:00:00.000,7,94.468804231,-320.075433814,509.013042275,false,0.2933928654,-0.5434997967
,2017-02-05 16:00:00.000,12,118.042356707,-296.501881338,532.586594751,false,0.2549770407,-0.6589091941
,2017-02-05 17:00:00.000,18,122.634427857,-291.909810187,537.178665901,false,0.2577941702,-0.6501608289
,2017-02-05 18:00:00.000,19,143.455370181,-271.088867864,557.999608225,false,0.2196661976,-0.7733210598
,2017-02-05 19:00:00.000,9,120.726375247,-293.817862798,535.270613291,false,0.2437697282,-0.6942276479
,2017-02-05 20:00:00.000,6,63.394994084,-351.14924396,477.939232128,false,0.3606836889,-0.3566319202
,2017-02-05 21:00:00.000,10,165.307828,-249.236410044,579.852066045,false,0.1672656007,-0.9650271737
,2017-02-05 22:00:00.000,6,125.707895549,-288.836342495,540.252133594,false,0.2284920982,-0.7438219541
,2017-02-05 23:00:00.000,5,80.640652518,-333.903585526,495.184890562,false,0.319176115,-0.4700039017
,2017-02-06 00:00:00.000,9,58.17551282,-356.368725224,472.719750865,false,0.379970217,-0.3055590099
,2017-02-06 01:00:00.000,9,63.765860326,-350.778377719,478.31009837,false,0.3668170309,-0.3402954255
,2017-02-06 02:00:00.000,5,51.618478357,-362.925759687,466.162716401,false,0.3860341579,-0.2896705143
,2017-02-06 03:00:00.000,5,57.881294035,-356.66294401,472.425532079,false,0.3712345402,-0.3285854061
,2017-02-06 04:00:00.000,3,50.988541125,-363.555696919,465.53277917,false,0.3827815216,-0.2981835933
,2017-02-06 05:00:00.000,8,60.743395776,-353.800842268,475.28763382,false,0.3715584552,-0.3277285557
,2017-02-06 06:00:00.000,5,49.264066217,-365.280171827,463.808304262,false,0.3916423537,-0.2750410412
,2017-02-06 07:00:00.000,4,39.447858211,-375.096379834,453.992096255,false,0.4128342244,-0.2202602848
,2017-02-06 08:00:00.000,3,55.317636806,-359.226601239,469.86187485,false,0.3725591115,-0.3250830421
,2017-02-06 09:00:00.000,3,46.815449406,-367.728788638,461.35968745,false,0.392713555,-0.2722534971
,2017-02-06 10:00:00.000,3,48.213459536,-366.330778508,462.757697581,false,0.3893781214,-0.280940231
,2017-02-06 11:00:00.000,3,51.292375668,-363.251862377,465.836613712,false,0.3820613042,-0.3000715122
,2017-02-06 12:00:00.000,4,52.997170642,-361.547067402,467.541408686,false,0.3803922141,-0.3044508555
,2017-02-06 13:00:00.000,6,36.37540987,-378.168828174,450.919647914,false,0.4251475516,-0.188741909
,2017-02-06 14:00:00.000,6,34.581683254,-379.96255479,449.125921298,false,0.4295200016,-0.1775963348
,2017-02-06 15:00:00.000,8,66.641801859,-347.902436185,481.186039904,false,0.3577874563,-0.3643791368
,2017-02-06 16:00:00.000,8,31.655292074,-382.888945971,446.199530118,false,0.4415717304,-0.1469855058
,2017-02-06 17:00:00.000,3,35.501317527,-379.042920517,450.045555572,false,0.4199773056,-0.2019515372
,2017-02-06 18:00:00.000,13,37.063400399,-377.480837646,451.607638443,false,0.440571134,-0.1495213447
,2017-02-06 19:00:00.000,16,7.420162034,-407.124076011,421.964400078,false,0.5212583554,0.05331203772
,2017-02-06 20:00:00.000,25,3.243059964,-411.30117808,417.787298008,false,0.5537691048,0.1351898267
,2017-02-06 21:00:00.000,31,14.547396241,-399.996841803,429.091634285,false,0.5407131732,0.1022305824
,2017-02-06 22:00:00.000,41,39.869163757,-374.675074288,454.413401801,false,0.5028031892,0.007026611072
,2017-02-06 23:00:00.000,46,39.874455082,-374.669782963,454.418693126,false,0.5151808518,0.03806194045
,2017-02-07 00:00:00.000,56,54.043143158,-360.501094886,468.587381202,false,0.5048507022,0.01215920699
,2017-02-07 01:00:00.000,72,73.52852568,-341.015712364,488.072763724,false,0.4962110186,-0.009497710682
,2017-02-07 02:00:00.000,63,73.964743592,-340.579494453,488.508981636,false,0.472840682,-0.06813098641
,2017-02-07 03:00:00.000,61,55.929842386,-358.614395658,470.47408043,false,0.5125662555,0.03150414204
,2017-02-07 04:00:00.000,60,51.622236808,-362.922001237,466.166474852,false,0.5207581302,0.0520564175
,2017-02-07 05:00:00.000,70,41.345910266,-373.198327778,455.890148311,false,0.5706566703,0.1780462427
,2017-02-07 06:00:00.000,68,47.080371987,-367.463866057,461.624610031,false,0.5517116717,0.1299870699
,2017-02-07 07:00:00.000,74,46.966875149,-367.577362895,461.511113194,false,0.5666981915,0.1679741479
,2017-02-07 08:00:00.000,73,34.878515726,-379.665722319,449.42275377,false,0.5936224342,0.2368732388
,2017-02-07 09:00:00.000,82,14.516486211,-400.027751833,429.060724255,false,0.6625082619,0.4193183655
,2017-02-07 10:00:00.000,68,17.764407287,-396.779830757,432.308645331,false,0.6225352028,0.3121459664
,2017-02-07 11:00:00.000,40,-9.718823086,-424.26306113,404.825414959,false,0.6213144931,0.3089349451
,2017-02-07 12:00:00.000,41,6.222284603,-408.321953441,420.766522647,false,0.5855436416,0.2160962576
,2017-02-07 13:00:00.000,41,-18.006333354,-432.550571398,396.537904691,false,0.6430577848,0.3666442049
,2017-02-07 14:00:00.000,42,-6.905601026,-421.449839071,407.638637018,false,0.6193910565,0.3038818748
,2017-02-07 15:00:00.000,41,-14.466588461,-429.010826505,400.077649584,false,0.6348210558,0.3446494989
,2017-02-07 16:00:00.000,38,-27.395669854,-441.939907899,387.14856819,false,0.6577555297,0.4063452517
,2017-02-07 17:00:00.000,39,-43.632527108,-458.176765152,370.911710936,false,0.6961813279,0.5134489042
,2017-02-07 18:00:00.000,71,-19.957179996,-434.50141804,394.587058048,false,0.7140227369,0.5651753133
,2017-02-07 19:00:00.000,102,-14.040028844,-428.584266888,400.5042092,false,0.7645548237,0.7210311452
,2017-02-07 20:00:00.000,103,-7.437632025,-421.981870069,407.10660602,false,0.7537127619,0.6862198595
,2017-02-07 21:00:00.000,106,33.301467592,-381.242770452,447.845705636,false,0.6742655904,0.4517226219
,2017-02-07 22:00:00.000,105,43.283919174,-371.26031887,457.828157218,false,0.6493186464,0.3834816044
,2017-02-07 23:00:00.000,97,65.292942248,-349.251295797,479.837180292,false,0.5780926056,0.1970162916
,2017-02-08 00:00:00.000,104,77.971743417,-336.572494627,492.515981461,false,0.5642408616,0.1617302567
,2017-02-08 01:00:00.000,102,86.619184143,-327.925053901,501.163422187,false,0.5380693018,0.09557087655
,2017-02-08 02:00:00.000,98,70.015896179,-344.528341866,484.560134223,false,0.5690213682,0.1738831904
,2017-02-08 03:00:00.000,101,33.943558604,-380.60067944,448.487796648,false,0.6615381577,0.4166646907
,2017-02-08 04:00:00.000,85,49.250303943,-365.293934101,463.794541988,false,0.587895914,0.222135797
,2017-02-08 05:00:00.000,51,36.835666098,-377.708571946,451.379904142,false,0.535066468,0.08801209372
,2017-02-08 06:00:00.000,37,34.698677533,-379.845560511,449.242915577,false,0.5057045178,0.01429959291
,2017-02-08 07:00:00.000,15,23.735144139,-390.809093905,438.279382184,false,0.4783572152,-0.05427705461
,2017-02-08 08:00:00.000,11,-1.462630825,-416.00686887,413.081607219,false,0.5308625716,0.07743832077
,2017-02-08 09:00:00.000,9,-14.066054463,-428.610292507,400.478183581,false,0.5569829257,0.1433241945
,2017-02-08 10:00:00.000,6,-1.317644303,-415.861882347,413.226593742,false,0.5181333453,0.04546921872
,2017-02-08 11:00:00.000,10,4.038500491,-410.505737553,418.582738536,false,0.5147744888,0.03704262107
,2017-02-08 12:00:00.000,12,1.443036958,-413.101201086,415.987275003,false,0.5261507345,0.06559718424
,2017-02-08 13:00:00.000,10,12.884834136,-401.659403908,427.42907218,false,0.4928492128,-0.01792532526
,2017-02-08 14:00:00.000,12,-7.492549946,-422.036787991,407.051688098,false,0.5482018944,0.1211197183
,2017-02-08 15:00:00.000,13,-0.5334949589,-415.077733003,414.010743085,false,0.5335084714,0.08409228665
,2017-02-08 16:00:00.000,13,-15.272532217,-429.816770262,399.271705827,false,0.5697255112,0.175675381
,2017-02-08 17:00:00.000,12,-17.207286369,-431.751524414,397.336951675,false,0.5720060009,0.1814836083
,2017-02-08 18:00:00.000,11,-14.468937874,-429.013175918,400.07530017,false,0.5628720082,0.1582548507
,2017-02-08 19:00:00.000,6,-21.877539839,-436.421777883,392.666698205,false,0.5687611569,0.17322104
,2017-02-08 20:00:00.000,8,-23.266023932,-437.810261976,391.278214113,false,0.5770200589,0.1942758655
,2017-02-08 21:00:00.000,8,2.144219401,-412.400018643,416.688457446,false,0.5145126004,0.03638572166
,2017-02-08 22:00:00.000,9,-1.876918485,-416.421156529,412.66731956,false,0.5269421104,0.06758527268
,2017-02-08 23:00:00.000,4,-6.146041073,-420.690279117,408.398196971,false,0.5251342117,0.06304386242
,2017-02-09 00:00:00.000,6,-6.066673637,-420.610911681,408.477564407,false,0.5298838859,0.07497798473
,2017-02-09 01:00:00.000,7,-2.081469378,-416.625707423,412.462768666,false,0.5224999707,0.0564289955
,2017-02-09 02:00:00.000,8,2.039916078,-412.504321966,416.584154122,false,0.5147709822,0.03703382512
,2017-02-09 03:00:00.000,,-2.033596938,-416.577834982,412.510641106,true,,
,2017-02-09 04:00:00.000,7,-5.020837158,-419.565075202,409.523400886,false,0.5297705803,0.07469317328
,2017-02-09 05:00:00.000,7,11.714832797,-402.829405247,426.259070841,false,0.4883141465,-0.02929628099
,2017-02-09 06:00:00.000,3,18.222131989,-396.322106055,432.766370034,false,0.4623222832,-0.09458487187
,2017-02-09 07:00:00.000,7,6.560038628,-407.984199416,421.104276672,false,0.501090612,0.002733762263
,2017-02-09 08:00:00.000,4,14.665394794,-399.87884325,429.209632839,false,0.4735810593,-0.06627094028
,2017-02-09 09:00:00.000,6,21.024615863,-393.519622181,435.568853907,false,0.4628097458,-0.09335757746
,2017-02-09 10:00:00.000,5,21.7954172,-392.748820845,436.339655244,false,0.4584415537,-0.1043607022
,2017-02-09 11:00:00.000,6,28.925642622,-385.618595422,443.469880666,false,0.4433616039,-0.1424517257
,2017-02-09 12:00:00.000,6,30.516169012,-384.028069033,445.060407056,false,0.4394614841,-0.1523346865
,2017-02-09 13:00:00.000,3,18.070309915,-396.473928129,432.614547959,false,0.4626969695,-0.09364150392
,2017-02-09 14:00:00.000,6,21.13926575,-393.404972294,435.683503795,false,0.4625267872,-0.09406997077
,2017-02-09 15:00:00.000,7,21.700408493,-392.843829552,436.244646537,false,0.4636099984,-0.09134306907
,2017-02-09 16:00:00.000,11,29.533439457,-385.010798587,444.077677501,false,0.4541590923,-0.1151601496
,2017-02-09 17:00:00.000,10,26.295018322,-388.249219723,440.839256366,false,0.4596754463,-0.101251403
,2017-02-09 18:00:00.000,5,14.830243293,-399.713994751,429.374481337,false,0.4756471082,-0.06108160821
,2017-02-09 19:00:00.000,4,-1.555724121,-416.099962165,412.988513923,false,0.5137692626,0.03452127826
,2017-02-09 20:00:00.000,9,-10.467497246,-425.01173529,404.076740798,false,0.5481402449,0.1209640498
,2017-02-09 21:00:00.000,6,33.980444429,-380.563793616,448.524682473,false,0.4309875669,-0.1738604522
,2017-02-09 22:00:00.000,3,-10.889811774,-425.434049819,403.65442627,false,0.5343885394,0.08630631162
,2017-02-09 23:00:00.000,4,-4.899543961,-419.443782006,409.644694083,false,0.5220497018,0.05529857617
,2017-02-10 00:00:00.000,3,-5.431842672,-419.976080717,409.112395372,false,0.5208920043,0.05239244801
,2017-02-10 01:00:00.000,3,-10.686885361,-425.231123405,403.857352684,false,0.5338873511,0.08504539962
,2017-02-10 02:00:00.000,4,6.988675318,-407.555562726,421.532913362,false,0.4925918454,-0.01857055715
,2017-02-10 03:00:00.000,5,5.503827543,-409.040410501,420.048065587,false,0.4987510718,-0.003130603758
,2017-02-10 04:00:00.000,3,-15.344654257,-429.888892302,399.199583787,false,0.5453759926,0.113987106
,2017-02-10 05:00:00.000,3,-2.096580831,-416.640818875,412.447657213,false,0.512631723,0.03166832644
,2017-02-10 06:00:00.000,3,-10.316097897,-424.860335941,404.228140147,false,0.5329714409,0.08274145923
,2017-02-10 07:00:00.000,3,6.487337441,-408.056900604,421.031575485,false,0.4913559703,-0.02166906483
,2017-02-10 08:00:00.000,3,3.256198531,-411.288039513,417.800436576,false,0.4993649137,-0.00159192584
,2017-02-10 09:00:00.000,8,8.75699291,-405.787245134,423.301230955,false,0.4981235091,-0.004703682604
,2017-02-10 10:00:00.000,3,10.919512434,-403.62472561,425.463750478,false,0.4803763649,-0.04920901155
,2017-02-10 11:00:00.000,4,21.595654562,-392.948583482,436.139892607,false,0.4564691508,-0.1093330904
,2017-02-10 12:00:00.000,8,20.917296842,-393.626941202,435.461534886,false,0.4680138626,-0.08026345243
,2017-02-10 13:00:00.000,7,23.59107506,-390.953162984,438.135313104,false,0.4589453766,-0.1030909934
,2017-02-10 14:00:00.000,5,26.558430377,-387.985807667,441.102668421,false,0.446718542,-0.1339563588
,2017-02-10 15:00:00.000,7,23.600435188,-390.943802857,438.144673232,false,0.4589222969,-0.1031491539
,2017-02-10 16:00:00.000,7,16.560883699,-397.983354345,431.105121743,false,0.4763136088,-0.05940790425
,2017-02-10 17:00:00.000,11,21.889569159,-392.654668886,436.433807203,false,0.4730266017,-0.06766387943
,2017-02-10 18:00:00.000,10,18.486019395,-396.058218649,433.03025744,false,0.4789738833,-0.05272908274
,2017-02-10 19:00:00.000,9,-3.091156115,-417.635394159,411.453081929,false,0.5299444044,0.07513011007
,2017-02-10 20:00:00.000,9,4.769772416,-409.774465628,419.31401046,false,0.5104850375,0.0262851179
,2017-02-10 21:00:00.000,10,18.713001102,-395.831236943,433.257239146,false,0.4784120246,-0.05413946571
,2017-02-10 22:00:00.000,10,38.935388311,-375.608849733,453.479626355,false,0.4286570956,-0.1797941312
,2017-02-10 23:00:00.000,12,7.526528092,-407.017709952,422.070766136,false,0.5110877916,0.02779655094
,2017-02-11 00:00:00.000,21,7.56236564,-406.981872404,422.106603684,false,0.5332716768,0.08349664325
,2017-02-11 01:00:00.000,13,39.607135571,-374.937102473,454.151373616,false,0.4343432242,-0.1653272032
,2017-02-11 02:00:00.000,10,6.853428192,-407.690809852,421.397666237,false,0.5077994906,0.01955166934
,2017-02-11 03:00:00.000,10,-0.6890863974,-415.233324442,413.855151647,false,0.5264775403,0.06641815141
,2017-02-11 04:00:00.000,11,-7.309018458,-421.853256503,407.235219586,false,0.5452882265,0.1137656779
,2017-02-11 05:00:00.000,9,22.069376899,-392.474861146,436.613614943,false,0.4676381004,-0.08120842338
,2017-02-11 06:00:00.000,10,18.34820066,-396.196037384,432.892438704,false,0.479315053,-0.05187272652
,2017-02-11 07:00:00.000,10,17.882229554,-396.662008491,432.426467598,false,0.4804686735,-0.04897734909
,2017-02-11 08:00:00.000,10,19.440704619,-395.103533425,433.984942663,false,0.4766110001,-0.05866115452
,2017-02-11 09:00:00.000,12,25.407278648,-389.136959396,439.951516692,false,0.4668033102,-0.08330802374
,2017-02-11 10:00:00.000,18,2.743284474,-411.80095357,417.287522518,false,0.5377630619,0.09479976157
,2017-02-11 11:00:00.000,17,12.468154408,-402.076083636,427.012392453,false,0.5112324366,0.02815926409
,2017-02-11 12:00:00.000,12,-4.324748683,-418.868986727,410.219489361,false,0.5403978743,0.1014361368
,2017-02-11 13:00:00.000,15,19.273038949,-395.271199095,433.817276994,false,0.4894088751,-0.02655113238
,2017-02-11 14:00:00.000,13,7.744000367,-406.800237677,422.288238411,false,0.5130266994,0.03265889773
,2017-02-11 15:00:00.000,16,2.512316383,-412.031921661,417.056554427,false,0.5333953098,0.08380763139
,2017-02-11 16:00:00.000,33,3.811345483,-410.732892562,418.355583527,false,0.5719605686,0.1813678366
,2017-02-11 17:00:00.000,49,-1.457578825,-416.00181687,413.086659219,false,0.6230592021,0.3135253085
,2017-02-11 18:00:00.000,49,1.55491436,-412.989323684,416.099152404,false,0.6159292473,0.2948067557
,2017-02-11 19:00:00.000,66,17.775622159,-396.768615885,432.319860203,false,0.6177775473,0.2996489981
,2017-02-11 20:00:00.000,116,34.324552747,-380.219685297,448.868790792,false,0.6940986668,0.507501953
,2017-02-11 21:00:00.000,186,48.04208315,-366.502154894,462.586321194,false,0.804338633,0.8572210449
,2017-02-11 22:00:00.000,259,82.101052431,-332.443185614,496.645290475,false,0.86415667,1.099186652
,2017-02-11 23:00:00.000,303,48.213325015,-366.33091303,462.757563059,false,0.9433067101,1.583153071
,2017-02-12 00:00:00.000,350,39.989301642,-374.554936403,454.533539686,false,0.9729662476,1.926295358
,2017-02-12 01:00:00.000,198,57.113693715,-357.430544329,471.657931759,false,0.8093264753,0.8754170071
,2017-02-12 02:00:00.000,205,45.314943722,-369.229294322,459.859181767,false,0.8394562811,0.9922257013
,2017-02-12 03:00:00.000,193,33.700149746,-380.844088299,448.24438779,false,0.8388719208,0.9898321691
,2017-02-12 04:00:00.000,111,43.166654653,-371.377583391,457.710892698,false,0.6633021082,0.4214920934
,2017-02-12 05:00:00.000,63,62.658585906,-351.885652138,477.202823951,false,0.5008463254,0.002121424799
,2017-02-12 06:00:00.000,44,48.484895484,-366.05934256,463.029133528,false,0.4888839017,-0.02786753295
,2017-02-12 07:00:00.000,38,64.175419012,-350.368819032,478.719657056,false,0.4353991063,-0.1626446713
,2017-02-12 08:00:00.000,82,55.306384371,-359.237853673,469.850622415,false,0.5658682307,0.1658645593
,2017-02-12 09:00:00.000,124,49.835235165,-364.709002879,464.37947321,false,0.677540883,0.4608332646
,2017-02-12 10:00:00.000,126,25.809861305,-388.734376739,440.354099349,false,0.7332084184,0.6225456091
,2017-02-12 11:00:00.000,136,31.400927527,-383.143310518,445.945165571,false,0.7421348797,0.6499411432
,2017-02-12 12:00:00.000,137,27.629137379,-386.915100665,442.173375424,false,0.7516183717,0.6795913368
,2017-02-12 13:00:00.000,127,4.705761489,-409.838476555,419.249999533,false,0.7763405961,0.7598925622
,2017-02-12 14:00:00.000,132,7.852305256,-406.691932788,422.3965433,false,0.7797678104,0.7714092749
,2017-02-12 15:00:00.000,110,2.596630082,-411.947607962,417.140868126,false,0.7477308245,0.6673660424
,2017-02-12 16:00:00.000,97,8.425818349,-406.118419696,422.970056393,false,0.7089665777,0.5503682157
,2017-02-12 17:00:00.000,114,8.508011008,-406.036227037,423.052249052,false,0.7439236476,0.6554894064
,2017-02-12 18:00:00.000,118,12.301203729,-402.243034315,426.845441773,false,0.7443370169,0.6567744327
,2017-02-12 19:00:00.000,111,62.864790748,-351.679447296,477.409028792,false,0.6175661952,0.2990949364
,2017-02-12 20:00:00.000,116,73.275338393,-341.268899651,487.819576437,false,0.6046784991,0.2654757327
,2017-02-12 21:00:00.000,144,67.602648923,-346.941589122,482.146886967,false,0.6825016424,0.4747057553
,2017-02-12 22:00:00.000,155,82.056242745,-332.487995299,496.600480789,false,0.6748143239,0.4532463612
,2017-02-12 23:00:00.000,145,98.804791869,-315.739446176,513.349029913,false,0.6129593316,0.2870404648
,2017-02-13 00:00:00.000,140,102.529559733,-312.014678312,517.073797777,false,0.5920524705,0.2328278847
,2017-02-13 01:00:00.000,158,103.649503459,-310.894734585,518.193741503,false,0.6322108281,0.3377145038
,2017-02-13 02:00:00.000,167,124.424545269,-290.119692775,538.968783313,false,0.6043213952,0.2645486147
,2017-02-13 03:00:00.000,194,121.861946029,-292.682292015,536.406184074,false,0.6730100048,0.4482400098
,2017-02-13 04:00:00.000,195,121.953916945,-292.5903211,536.498154989,false,0.6750431838,0.453882177
,2017-02-13 05:00:00.000,167,114.091907392,-300.452330652,528.636145436,false,0.6288283975,0.3287519228
,2017-02-13 06:00:00.000,114,113.358929911,-301.185308133,527.903167956,false,0.5015891344,0.003983379743
,2017-02-13 07:00:00.000,101,100.044503036,-314.499735009,514.58874108,false,0.5023685525,0.005937115643
,2017-02-13 08:00:00.000,89,91.154974477,-323.389263568,505.699212521,false,0.4946582272,-0.01339023896
,2017-02-13 09:00:00.000,66,80.45235903,-334.091879015,494.996597074,false,0.4642223674,-0.08980177862
,2017-02-13 10:00:00.000,47,45.311527646,-369.232710399,459.85576569,false,0.5041854509,0.01049156198
,2017-02-13 11:00:00.000,35,59.778767825,-354.76547022,474.323005869,false,0.4388181216,-0.1539663814
,2017-02-13 12:00:00.000,22,49.015359212,-365.528878833,463.559597256,false,0.433345231,-0.1678637586
,2017-02-13 13:00:00.000,15,50.332786111,-364.211451933,464.877024156,false,0.4131126606,-0.219545268
,2017-02-13 14:00:00.000,13,45.823023649,-368.721214395,460.367261693,false,0.4191960891,-0.2039505037
,2017-02-13 15:00:00.000,14,30.098767982,-384.445470063,444.643006026,false,0.4601594707,-0.1000319737
,2017-02-13 16:00:00.000,16,33.776082679,-380.768155365,448.320320723,false,0.4560245829,-0.110454206
,2017-02-13 17:00:00.000,22,46.529112817,-368.015125227,461.073350862,false,0.4394297683,-0.1524151147
,2017-02-13 18:00:00.000,20,62.448801055,-352.095436989,476.9930391,false,0.3959817997,-0.2637616342
,2017-02-13 19:00:00.000,34,79.885337174,-334.65890087,494.429575218,false,0.3877780048,-0.2851150378
,2017-02-13 20:00:00.000,92,116.161675474,-298.38256257,530.705913518,false,0.4403302405,-0.1501319907
,2017-02-13 21:00:00.000,119,79.496875499,-335.047362546,494.041113543,false,0.5969491867,0.2454582559
,2017-02-13 22:00:00.000,178,22.851010923,-391.693227121,437.395248968,false,0.8324871155,0.9640402056
,2017-02-13 23:00:00.000,170,38.439890893,-376.104347151,452.984128937,false,0.7931693028,0.8174673608
,2017-02-14 00:00:00.000,159,60.585420568,-353.958817476,475.129658612,false,0.7295699663,0.6115129203
,2017-02-14 01:00:00.000,115,26.290604122,-388.253633922,440.834842167,false,0.7092545848,0.5512083885
,2017-02-14 02:00:00.000,130,69.918632727,-344.625605317,484.462870772,false,0.6455463718,0.3733240803
,2017-02-14 03:00:00.000,152,62.504678828,-352.039559217,477.048916872,false,0.7109259657,0.5560918465
,2017-02-14 04:00:00.000,156,77.774622811,-336.769615234,492.318860855,false,0.686539266,0.4860644543
,2017-02-14 05:00:00.000,142,75.72013299,-338.824105054,490.264371035,false,0.6597714062,0.4118393359
,2017-02-14 06:00:00.000,132,114.783191586,-299.761046458,529.32742963,false,0.5425972104,0.1069790762
,2017-02-14 07:00:00.000,121,95.42993544,-319.114302604,509.974173485,false,0.5631195577,0.1588832157
,2017-02-14 08:00:00.000,119,86.157347804,-328.38689024,500.701585848,false,0.5808515657,0.2040724684
,2017-02-14 09:00:00.000,128,110.579544959,-303.964693085,525.123783003,false,0.5430991123,0.1082444633
,2017-02-14 10:00:00.000,151,78.70315555,-335.841082494,493.247393594,false,0.6733659274,0.4492266769
,2017-02-14 11:00:00.000,183,66.839082805,-347.705155239,481.383320849,false,0.764785834,0.7217823021
,2017-02-14 12:00:00.000,201,63.422811044,-351.121427001,477.967049088,false,0.8036843809,0.8548553382
,2017-02-14 13:00:00.000,213,71.815691318,-342.728546726,486.359929362,false,0.8098296421,0.8772686872
,2017-02-14 14:00:00.000,228,67.277845858,-347.266392186,481.822083903,false,0.841022676,0.9986698556
,2017-02-14 15:00:00.000,231,56.964073918,-357.580164127,471.508311962,false,0.8602396916,1.081396862
,2017-02-14 16:00:00.000,224,58.98473783,-355.559500214,473.528975875,false,0.8473999479,1.02534569
,2017-02-14 17:00:00.000,212,61.333025486,-353.211212558,475.87726353,false,0.8254124622,0.9361905737
,2017-02-14 18:00:00.000,199,78.211001267,-336.333236777,492.755239312,false,0.773535091,0.7505395418
,2017-02-14 19:00:00.000,199,84.724932552,-329.819305493,499.269170596,false,0.7611678707,0.7100643077
,2017-02-14 20:00:00.000,214,142.101876254,-272.44236179,556.646114298,false,0.672471912,0.4467491694
,2017-02-14 21:00:00.000,227,115.537987399,-299.006250645,530.082225444,false,0.7557149847,0.6925849932
,2017-02-14 22:00:00.000,217,147.397311127,-267.146926917,561.941549171,false,0.6673059455,0.4324861599
,2017-02-14 23:00:00.000,230,166.787500232,-247.756737813,581.331738276,false,0.652758943,0.3927798153
,2017-02-15 00:00:00.000,251,142.890153186,-271.654084858,557.434391231,false,0.7491304259,0.6717558366
,2017-02-15 01:00:00.000,247,134.175258354,-280.36897969,548.719496399,false,0.7583648749,0.701052503
,2017-02-15 02:00:00.000,240,137.684709027,-276.859529017,552.228947072,false,0.7375304865,0.6357505436
,2017-02-15 03:00:00.000,238,69.829459713,-344.714778331,484.373697758,false,0.8519772973,1.044951457
,2017-02-15 04:00:00.000,233,150.919821061,-263.624416983,565.464059105,false,0.6949801577,0.5100168106
,2017-02-15 05:00:00.000,231,144.994167062,-269.550070982,559.538405107,false,0.7034708476,0.5344094174
,2017-02-15 06:00:00.000,231,145.999119943,-268.545118101,560.543357988,false,0.7013075904,0.5281650005
,2017-02-15 07:00:00.000,233,144.01270746,-270.531530584,558.556945505,false,0.7098460875,0.5529351387
,2017-02-15 08:00:00.000,225,126.944550951,-287.599687094,541.488788995,false,0.7288310374,0.6092814128
,2017-02-15 09:00:00.000,230,140.008838146,-274.535399898,554.55307619,false,0.7119781105,0.5591728228
,2017-02-15 10:00:00.000,239,143.931517803,-270.612720241,558.475755847,false,0.7226464705,0.5907214715
,2017-02-15 11:00:00.000,242,172.659334821,-241.884903224,587.203572865,false,0.6667142021,0.4308580386
,2017-02-15 12:00:00.000,242,167.694306203,-246.849931842,582.238544247,false,0.6778549728,0.4617089467
,2017-02-15 13:00:00.000,248,193.73134189,-220.812896154,608.275579935,false,0.6320191886,0.3372059891
,2017-02-15 14:00:00.000,252,182.84063634,-231.703601705,597.384874384,false,0.6663045152,0.4297314959
,2017-02-15 15:00:00.000,246,144.878196065,-269.66604198,559.422434109,false,0.735107629,0.628334643
,2017-02-15 16:00:00.000,246,159.683363229,-254.860874815,574.227601273,false,0.7041384262,0.5363406411
,2017-02-15 17:00:00.000,267,174.49547805,-240.048759994,589.039716094,false,0.7172833149,0.5747899415
,2017-02-15 18:00:00.000,259,231.722959513,-182.821278531,646.267197557,false,0.5672942839,0.1694897522
,2017-02-15 19:00:00.000,271,245.449261774,-169.09497627,659.993499818,false,0.5630722504,0.1587631288
,2017-02-15 20:00:00.000,278,201.307322146,-213.236915898,615.85156019,false,0.6831554298,0.47654081
,2017-02-15 21:00:00.000,278,256.287940419,-158.256297625,670.832178463,false,0.5536588613,0.1349109556
,2017-02-15 22:00:00.000,279,290.249799093,-124.294438951,704.794037138,false,0.4721357434,-0.06990221912
,2017-02-15 23:00:00.000,287,264.324431342,-150.219806702,678.868669386,false,0.5560246819,0.1408978557
,2017-02-16 00:00:00.000,267,245.653748366,-168.890489678,660.197986411,false,0.5527601435,0.1326379562
,2017-02-16 01:00:00.000,267,232.116548282,-182.427689762,646.660786326,false,0.5857996825,0.2167532651
,2017-02-16 02:00:00.000,273,211.620121108,-202.924116936,626.164359152,false,0.6485440118,0.3813925661
,2017-02-16 03:00:00.000,266,232.215253377,-182.328984667,646.759491422,false,0.5831374046,0.2099263055
,2017-02-16 04:00:00.000,264,212.414155953,-202.130082091,626.958393998,false,0.6257189565,0.3205359442
,2017-02-16 05:00:00.000,262,227.86859911,-186.675638934,642.412837154,false,0.5839778022,0.2120802909
,2017-02-16 06:00:00.000,261,163.184939496,-251.359298548,577.72917754,false,0.7283358641,0.6077877246
,2017-02-16 07:00:00.000,256,162.787362979,-251.756875065,577.331601024,false,0.7187694825,0.5791899148
,2017-02-16 08:00:00.000,238,178.158860134,-236.38537791,592.703098179,false,0.6449908058,0.3718313933
,2017-02-16 09:00:00.000,163,195.870362953,-218.673875092,610.414600997,false,0.4190811593,-0.2042446531
,2017-02-16 10:00:00.000,87,111.097605872,-303.446632173,525.641843916,false,0.4404872865,-0.1497338852
,2017-02-16 11:00:00.000,48,123.385053794,-291.159184251,537.929291838,false,0.3197436704,-0.4684157028
,2017-02-16 12:00:00.000,20,82.657906175,-331.886331869,497.20214422,false,0.3485146293,-0.3893337695
,2017-02-16 13:00:00.000,16,84.877035634,-329.667202411,499.421273678,false,0.3343338561,-0.4279772107
,2017-02-16 14:00:00.000,12,56.486817986,-358.057420058,471.03105603,false,0.3911107745,-0.2764251409
,2017-02-16 15:00:00.000,5,75.742635,-338.801603045,490.286873044,false,0.3301245122,-0.4395693765
,2017-02-16 16:00:00.000,6,32.633951127,-381.910286918,447.178189171,false,0.4342776547,-0.1654938255
,2017-02-16 17:00:00.000,9,25.693916985,-388.85032106,440.238155029,false,0.4586918028,-0.1037300163
,2017-02-16 18:00:00.000,9,55.728723962,-358.815514082,470.272962006,false,0.3857721262,-0.290355541
,2017-02-16 19:00:00.000,18,116.164493347,-298.379744698,530.708731391,false,0.270944492,-0.609958975
,2017-02-16 20:00:00.000,13,115.584779429,-298.959458615,530.129017473,false,0.2619240085,-0.6374250483
,2017-02-16 21:00:00.000,6,97.198066301,-317.346171743,511.742304345,false,0.2854684917,-0.5666720944
,2017-02-16 22:00:00.000,8,46.344976678,-368.199261366,460.889214722,false,0.4058389692,-0.2382619405
,2017-02-16 23:00:00.000,6,56.391896452,-358.152341593,470.936134496,false,0.3770958179,-0.3131171818
,2017-02-17 00:00:00.000,3,61.394504845,-353.1497332,475.938742889,false,0.3583612628,-0.3628425218
,2017-02-17 01:00:00.000,6,61.184366981,-353.359871063,475.728605026,false,0.3658383973,-0.3428958758
,2017-02-17 02:00:00.000,10,74.101190924,-340.44304712,488.645428969,false,0.3452038582,-0.3983018236
,2017-02-17 03:00:00.000,4,59.185202608,-355.359035437,473.729440652,false,0.3658364441,-0.3429010681
,2017-02-17 04:00:00.000,10,76.79525502,-337.748983024,491.339493065,false,0.339055662,-0.4150417722
,2017-02-17 05:00:00.000,8,90.091667322,-324.452570722,504.635905367,false,0.3049948375,-0.5100881953
,2017-02-17 06:00:00.000,5,78.137054765,-336.40718328,492.681292809,false,0.324753406,-0.4544474426
,2017-02-17 07:00:00.000,9,98.235198229,-316.309039815,512.779436274,false,0.2896267219,-0.5544755358
,2017-02-17 08:00:00.000,10,96.687368646,-317.856869398,511.23160669,false,0.2950661791,-0.538644236
,2017-02-17 09:00:00.000,9,123.80385841,-290.740379634,538.348096454,false,0.2378145946,-0.7133500252
,2017-02-17 10:00:00.000,6,130.474553748,-284.069684296,545.018791793,false,0.2196309357,-0.7734402596
,2017-02-17 11:00:00.000,10,108.364024174,-306.18021387,522.908262218,false,0.2705339928,-0.611198788
,2017-02-17 12:00:00.000,11,78.493040444,-336.0511976,493.037278488,false,0.3374701104,-0.4193775607
,2017-02-17 13:00:00.000,3,62.907950953,-351.636287091,477.452188997,false,0.3548546514,-0.3722465335
,2017-02-17 14:00:00.000,5,62.349627252,-352.194610792,476.893865297,false,0.3607892244,-0.356350027
,2017-02-17 15:00:00.000,17,58.315484275,-356.228753769,472.859722319,false,0.3986976161,-0.2567196099
,2017-02-17 16:00:00.000,34,53.85594551,-360.688292534,468.400183555,false,0.4509039964,-0.1233777281
,2017-02-17 17:00:00.000,53,49.054705486,-365.489532558,463.59894353,false,0.5097789493,0.02451464594
,2017-02-17 18:00:00.000,59,40.590782519,-373.953455526,455.135020563,false,0.5455349974,0.1143882787
,2017-02-17 19:00:00.000,67,37.074234818,-377.470003226,451.618472862,false,0.5737572214,0.1859479781
,2017-02-17 20:00:00.000,64,39.291252044,-375.252986,453.835490088,false,0.5610103467,0.1535313031
,2017-02-17 21:00:00.000,66,29.995188419,-384.549049626,444.539426463,false,0.5885127952,0.2237209934
,2017-02-17 22:00:00.000,65,23.424248105,-391.119989939,437.968486149,false,0.6019265138,0.2583368196
,2017-02-17 23:00:00.000,57,21.487617947,-393.056620097,436.031855991,false,0.5873218827,0.2206612128
,2017-02-18 00:00:00.000,69,19.083146658,-395.461091387,433.627384702,false,0.6217824226,0.3101654342
,2017-02-18 01:00:00.000,78,15.692687772,-398.851550273,430.236925816,false,0.6506793816,0.3871553044
,2017-02-18 02:00:00.000,104,15.643667245,-398.900570799,430.18790529,false,0.7085022782,0.5490145808
,2017-02-18 03:00:00.000,114,38.911235233,-375.633002811,453.455473277,false,0.6795978932,0.466574669
,2017-02-18 04:00:00.000,128,45.11223456,-369.432003484,459.656472605,false,0.6967356711,0.5150348637
,2017-02-18 05:00:00.000,135,18.158113728,-396.386124317,432.702351772,false,0.7660847833,0.7260135998
,2017-02-18 06:00:00.000,103,14.753898915,-399.790339129,429.29813696,false,0.7082672108,0.5483296407
,2017-02-18 07:00:00.000,82,13.003839167,-401.540398878,427.548077211,false,0.6659355562,0.428717412
,2017-02-18 08:00:00.000,79,-1.96566795,-416.509905995,412.578570094,false,0.6925500775,0.5030916388
,2017-02-18 09:00:00.000,79,7.406778287,-407.137459757,421.951016332,false,0.6717875895,0.4448546174
,2017-02-18 10:00:00.000,90,11.786958222,-402.757279822,426.331196267,false,0.6865120944,0.4859878065
,2017-02-18 11:00:00.000,94,29.824703726,-384.719534318,444.36894177,false,0.6549658164,0.3987622877
,2017-02-18 12:00:00.000,100,40.477826881,-374.066411164,455.022064925,false,0.6442526655,0.3698494483
,2017-02-18 13:00:00.000,108,18.902971846,-395.641266199,433.44720989,false,0.7100795042,0.5536169965
,2017-02-18 14:00:00.000,106,33.705023569,-380.839214475,448.249261614,false,0.6733617412,0.4492150697
,2017-02-18 15:00:00.000,102,25.091038425,-389.45319962,439.635276469,false,0.6836338711,0.4778847195
,2017-02-18 16:00:00.000,100,35.481641441,-379.062596603,450.025879485,false,0.6557508992,0.4008939537
,2017-02-18 17:00:00.000,68,72.760907637,-341.783330407,487.305145682,false,0.4881999818,-0.02958257353
,2017-02-18 18:00:00.000,67,78.963157655,-335.581080389,493.507395699,false,0.4703720041,-0.07433477352
,2017-02-18 19:00:00.000,86,94.223629274,-320.320608771,508.767867318,false,0.4796234421,-0.05109868458
,2017-02-18 20:00:00.000,102,81.132059928,-333.412178116,495.676297972,false,0.5515846185,0.1296658996
,2017-02-18 21:00:00.000,120,69.777006918,-344.767231126,484.321244963,false,0.6225054546,0.3120676768
,2017-02-18 22:00:00.000,119,63.27839934,-351.265838704,477.822637384,false,0.6354165877,0.3462340533
,2017-02-18 23:00:00.000,120,61.250785168,-353.293452877,475.795023212,false,0.6424616754,0.3650465626
,2017-02-19 00:00:00.000,129,81.90093499,-332.643303054,496.445173034,false,0.615107718,0.2926567075
,2017-02-19 01:00:00.000,133,115.180875845,-299.363362199,529.725113889,false,0.5440814615,0.1107216503
,2017-02-19 02:00:00.000,139,116.216335132,-298.327902913,530.760573176,false,0.5562899807,0.1415695268
,2017-02-19 03:00:00.000,147,124.324296769,-290.219941275,538.868534813,false,0.5560250122,0.1408986919
,2017-02-19 04:00:00.000,154,127.58167183,-286.962566214,542.125909875,false,0.5651950523,0.1641540217
,2017-02-19 05:00:00.000,168,118.022117285,-296.522120759,532.566355329,false,0.6219265942,0.3105446488
,2017-02-19 06:00:00.000,166,106.718731529,-307.825506516,521.262969573,false,0.6436948144,0.3683525532
,2017-02-19 07:00:00.000,164,111.670348789,-302.873889256,526.214586833,false,0.6274691376,0.3251576953
,2017-02-19 08:00:00.000,158,111.673247199,-302.870990845,526.217485243,false,0.6132722184,0.2878578363
,2017-02-19 09:00:00.000,157,123.390030113,-291.154207932,537.934268157,false,0.5827135471,0.2088403055
,2017-02-19 10:00:00.000,163,130.852658069,-283.691579975,545.396896114,false,0.5791627518,0.1997520597
,2017-02-19 11:00:00.000,172,107.092664196,-307.451573849,521.63690224,false,0.6566402449,0.4033109189
,2017-02-19 12:00:00.000,169,111.045901516,-303.498336529,525.59013956,false,0.640616065,0.3601059946
,2017-02-19 13:00:00.000,172,120.612277949,-293.931960095,535.156515993,false,0.6252523357,0.3193048851
,2017-02-19 14:00:00.000,156,118.683845708,-295.860392337,533.228083752,false,0.591680199,0.231869207
,2017-02-19 15:00:00.000,69,80.345800065,-334.19843798,494.890038109,false,0.4718983538,-0.07049873475
,2017-02-19 16:00:00.000,30,75.247099068,-339.297138976,489.791337112,false,0.389297962,-0.281149255
,2017-02-19 17:00:00.000,10,75.954967912,-338.589270133,490.499205956,false,0.3409688027,-0.4098205293
,2017-02-19 18:00:00.000,10,72.257718262,-342.286519782,486.801956306,false,0.3494346862,-0.3868471453
,2017-02-19 19:00:00.000,8,74.369097987,-340.175140058,488.913336031,false,0.3400254088,-0.4123937852
,2017-02-19 20:00:00.000,12,75.416641251,-339.127596794,489.960879295,false,0.3467726983,-0.3940482773
,2017-02-19 21:00:00.000,17,80.885488837,-333.658749208,495.429726881,false,0.3456979154,-0.3969615281
,2017-02-19 22:00:00.000,16,72.419507419,-342.124730625,486.963745463,false,0.3629552597,-0.3505705958
,2017-02-19 23:00:00.000,6,71.632335537,-342.911902508,486.176573581,false,0.3417044537,-0.4078158074
,2017-02-20 00:00:00.000,7,53.466446482,-361.077791562,468.010684527,false,0.3863955924,-0.2887258427
,2017-02-20 01:00:00.000,3,55.012858785,-359.531379259,469.557096829,false,0.3732759568,-0.3231892607
,2017-02-20 02:00:00.000,10,43.162475723,-371.381762321,457.706713767,false,0.4183721244,-0.2060597372
,2017-02-20 03:00:00.000,5,51.050371367,-363.493866677,465.594609412,false,0.3873852562,-0.2861405011
,2017-02-20 04:00:00.000,8,43.921640285,-370.622597759,458.465878329,false,0.4116882929,-0.2232041968
,2017-02-20 05:00:00.000,8,44.326477229,-370.217760815,458.870715273,false,0.4107097143,-0.2257197084
,2017-02-20 06:00:00.000,5,35.445178757,-379.099059287,449.989416801,false,0.4249776628,-0.1891754278
,2017-02-20 07:00:00.000,6,36.687852938,-377.856385106,451.232090982,false,0.4243868545,-0.1906833182
,2017-02-20 08:00:00.000,9,77.308727896,-337.235510148,491.852965941,false,0.3356203078,-0.4244459502
,2017-02-20 09:00:00.000,13,66.385921805,-348.15831624,480.930159849,false,0.3700499778,-0.3317209821
,2017-02-20 10:00:00.000,9,72.930574387,-341.613663658,487.474812431,false,0.3455946269,-0.3972416736
,2017-02-20 11:00:00.000,15,57.101617216,-357.442620828,471.645855261,false,0.3968132418,-0.2616043582
,2017-02-20 12:00:00.000,,77.967546195,-336.57669185,492.511784239,true,,
,2017-02-20 13:00:00.000,11,63.645134374,-350.89910367,478.189372418,false,0.3717893211,-0.3271179946
,2017-02-20 14:00:00.000,14,107.407444371,-307.136793673,521.951682415,false,0.2808223252,-0.5804003778
,2017-02-20 15:00:00.000,,117.237713281,-297.306524763,531.781951325,true,,
,2017-02-20 16:00:00.000,,94.777052337,-319.767185707,509.321290381,true,,
,2017-02-20 17:00:00.000,12,100.231402715,-314.312835329,514.77564076,false,0.2917641399,-0.5482383103
,2017-02-20 18:00:00.000,,118.179259633,-296.364978411,532.723497678,true,,
,2017-02-20 19:00:00.000,20,119.897865905,-294.64637214,534.442103949,false,0.267388798,-0.6207295308
,2017-02-20 20:00:00.000,26,93.535059221,-321.009178824,508.079297265,false,0.3373747244,-0.4196386503
,2017-02-20 21:00:00.000,29,97.915442517,-316.628795528,512.459680561,false,0.3342469862,-0.4282158573
,2017-02-20 22:00:00.000,25,71.870563132,-342.673674912,486.414801176,false,0.3854350796,-0.2912368787
,2017-02-20 23:00:00.000,41,46.343017939,-368.201220105,460.887255983,false,0.4867577092,-0.03319959829
,2017-02-21 00:00:00.000,,49.1075409,-365.436697144,463.651778944,true,,
,2017-02-21 01:00:00.000,,45.201545923,-369.342692121,459.745783967,true,,
,2017-02-21 02:00:00.000,61,49.85754134,-364.686696704,464.401779385,false,0.5275988152,0.06923524414
,2017-02-21 03:00:00.000,62,59.8506596,-354.693578445,474.394897644,false,0.5053278079,0.01335523083
,2017-02-21 04:00:00.000,,50.018426406,-364.525811638,464.56266445,true,,
,2017-02-21 05:00:00.000,,19.664581191,-394.879656854,434.208819235,true,,
,2017-02-21 06:00:00.000,105,24.864440504,-389.67979754,439.408678548,false,0.690734593,0.4979336424
,2017-02-21 07:00:00.000,,8.155291731,-406.388946313,422.699529775,true,,
,2017-02-21 08:00:00.000,,16.911038113,-397.633199932,431.455276157,true,,
,2017-02-21 09:00:00.000,69,0.68453886,-413.859699184,415.228776904,false,0.6643949453,0.4244877881
,2017-02-21 10:00:00.000,69,14.174133636,-400.370104409,428.71837168,false,0.6333233402,0.3406682815
,2017-02-21 11:00:00.000,,4.657052473,-409.887185571,419.201290517,true,,
,2017-02-21 12:00:00.000,72,-32.248868058,-446.793106103,382.295369986,false,0.7414315539,0.6477650985
,2017-02-21 13:00:00.000,,-22.308060248,-436.852298292,392.236177796,true,,
,2017-02-21 14:00:00.000,33,7.561252888,-406.982985156,422.105490932,false,0.562798099,0.1580672561
,2017-02-21 15:00:00.000,35,51.248519495,-363.295718549,465.792757539,false,0.4597901239,-0.1009624759
,2017-02-21 16:00:00.000,29,60.18211379,-354.362124254,474.726351835,false,0.4231840664,-0.193754478
,2017-02-21 17:00:00.000,29,15.403743081,-399.140494964,429.947981125,false,0.5336634993,0.08448226697
,2017-02-21 18:00:00.000,24,99.013149186,-315.531088858,513.55738723,false,0.3205702364,-0.4661048209
,2017-02-21 19:00:00.000,40,63.138592865,-351.40564518,477.682830909,false,0.4428391032,-0.1437749221
,2017-02-21 20:00:00.000,59,81.540130531,-333.004107514,496.084368575,false,0.4443077571,-0.1400562917
,2017-02-21 21:00:00.000,62,83.81294747,-330.731290574,498.357185515,false,0.4460933254,-0.1355378368
,2017-02-21 22:00:00.000,54,71.828029502,-342.716208542,486.372267547,false,0.4558965982,-0.1107769849
,2017-02-21 23:00:00.000,60,70.704593773,-343.839644271,485.248831818,false,0.4734841035,-0.06651450869
,2017-02-22 00:00:00.000,56,47.968136582,-366.576101463,462.512374626,false,0.5199017984,0.04990712029
,2017-02-22 01:00:00.000,64,58.280657984,-356.26358006,472.824896028,false,0.5141746036,0.03553794121
,2017-02-22 02:00:00.000,76,60.751580105,-353.792657939,475.295818149,false,0.5377425901,0.0947482155
,2017-02-22 03:00:00.000,87,77.964921577,-336.579316468,492.509159621,false,0.5223851549,0.05614073874
,2017-02-22 04:00:00.000,90,90.243412535,-324.300825509,504.787650579,false,0.4993966087,-0.001512478243
,2017-02-22 05:00:00.000,91,74.138670125,-340.405567919,488.682908169,false,0.5417209454,0.10477026
,2017-02-22 06:00:00.000,,92.262513926,-322.281724118,506.80675197,true,,
,2017-02-22 07:00:00.000,95,52.076272924,-362.46796512,466.620510969,false,0.605154795,0.2667126542
,2017-02-22 08:00:00.000,101,58.707858459,-355.836379585,473.252096503,false,0.6036430876,0.2627882081
,2017-02-22 09:00:00.000,111,61.576595948,-352.967642097,476.120833992,false,0.6206161113,0.3070993172
,2017-02-22 10:00:00.000,124,49.541639431,-365.002598613,464.085877475,false,0.6781950795,0.4626575633
,2017-02-22 11:00:00.000,132,58.832949514,-355.711288531,473.377187558,false,0.6753136521,0.4546338253
,2017-02-22 12:00:00.000,,18.495606669,-396.048631375,433.039844714,true,,
,2017-02-22 13:00:00.000,138,42.620142119,-371.924095925,457.164380163,false,0.7232943864,0.5926562484
,2017-02-22 14:00:00.000,152,34.16101877,-380.383219275,448.705256814,false,0.7679795522,0.7322091905
,2017-02-22 15:00:00.000,155,41.101812172,-373.442425872,455.646050216,false,0.760441203,0.7077225128
,2017-02-22 16:00:00.000,145,63.349807168,-351.194430876,477.894045212,false,0.6940436262,0.5073450311
,2017-02-22 17:00:00.000,169,35.67422805,-378.870009994,450.218466095,false,0.7962889108,0.8284385568
,2017-02-22 18:00:00.000,,34.685272192,-379.858965853,449.229510236,true,,
,2017-02-22 19:00:00.000,12,55.00267234,-359.541565704,469.546910385,false,0.3946563594,-0.2672031918
,2017-02-22 20:00:00.000,8,57.787015676,-356.757222368,472.331253721,false,0.3785243532,-0.3093586695
,2017-02-22 21:00:00.000,,64.735412345,-349.8088257,479.279650389,true,,
,2017-02-22 22:00:00.000,11,59.197108639,-355.347129406,473.741346683,false,0.3822870839,-0.299479557
,2017-02-22 23:00:00.000,15,60.938276849,-353.605961196,475.482514893,false,0.3876520063,-0.285443986
,2017-02-23 00:00:00.000,12,47.807586177,-366.736651867,462.351824221,false,0.4119640859,-0.2224955054
,2017-02-23 01:00:00.000,18,47.715792918,-366.828445126,462.260030963,false,0.4267544163,-0.1846432857
,2017-02-23 02:00:00.000,16,56.292738484,-358.251499561,470.836976528,false,0.4011526883,-0.2503646342
,2017-02-23 03:00:00.000,12,69.223905239,-345.320332805,483.768143283,false,0.361081743,-0.3555688355
,2017-02-23 04:00:00.000,15,56.025798387,-358.518439658,470.570036431,false,0.3993925966,-0.2549196056
,2017-02-23 05:00:00.000,14,85.599058738,-328.945179306,500.143296783,false,0.3281993045,-0.4448908866
,2017-02-23 06:00:00.000,11,71.629037518,-342.915200526,486.173275562,false,0.3531882081,-0.3767271069
,2017-02-23 07:00:00.000,7,89.499237484,-325.045000561,504.043475528,false,0.3041083387,-0.5126206902
,2017-02-23 08:00:00.000,9,98.665662237,-315.878575807,513.209900281,false,0.2887123768,-0.5571502849
,2017-02-23 09:00:00.000,17,73.568240497,-340.975997547,488.112478541,false,0.3626085978,-0.3514947698
,2017-02-23 10:00:00.000,14,61.721100559,-352.823137485,476.265338604,false,0.3834158054,-0.2965218134
,2017-02-23 11:00:00.000,15,72.186059467,-342.358178577,486.730297511,false,0.361169815,-0.3553336754
,2017-02-23 12:00:00.000,,68.194572098,-346.349665947,482.738810142,true,,
,2017-02-23 13:00:00.000,9,70.388725106,-344.155512938,484.932963151,false,0.3514355979,-0.3814475333
,2017-02-23 14:00:00.000,13,74.279727353,-340.264510692,488.823965397,false,0.3516868643,-0.3807702603
,2017-02-23 15:00:00.000,27,93.984771578,-320.559466466,508.529009623,false,0.3386247471,-0.4162193602
,2017-02-23 16:00:00.000,35,80.121158042,-334.423080002,494.665396087,false,0.3895980903,-0.2803667026
,2017-02-23 17:00:00.000,26,85.34468551,-329.199552534,499.888923554,false,0.356158304,-0.3687466039
,2017-02-23 18:00:00.000,33,99.441783863,-315.102454182,513.986021907,false,0.3398599325,-0.4128454291
,2017-02-23 19:00:00.000,32,107.568898843,-306.975339201,522.113136887,false,0.3193354009,-0.4695580501
,2017-02-23 20:00:00.000,41,95.785291372,-318.758946673,510.329529416,false,0.3667715742,-0.340416163
,2017-02-23 21:00:00.000,41,107.215683218,-307.328554827,521.759921262,false,0.3403747733,-0.4114405208
,2017-02-23 22:00:00.000,37,105.983756034,-308.56048201,520.527994079,false,0.3340924944,-0.4286403331
,2017-02-23 23:00:00.000,49,119.153499202,-295.390738842,533.697737246,false,0.3314514871,-0.4359086978
,2017-02-24 00:00:00.000,55,133.689534644,-280.8547034,548.233772688,false,0.3124390568,-0.4889485623
,2017-02-24 01:00:00.000,73,129.859505249,-284.684732795,544.403743294,false,0.3619300544,-0.3533045846
,2017-02-24 02:00:00.000,88,147.385547284,-267.15869076,561.929785329,false,0.3560636744,-0.3690005043
,2017-02-24 03:00:00.000,94,149.042530359,-265.501707685,563.586768404,false,0.3661699698,-0.3420145539
,2017-02-24 04:00:00.000,95,144.565376956,-269.978861088,559.109615,false,0.3790482101,-0.3079814859
,2017-02-24 05:00:00.000,99,150.798464873,-263.745773172,565.342702917,false,0.3737804796,-0.3218570938
,2017-02-24 06:00:00.000,85,128.54940578,-285.994832265,543.093643824,false,0.3933491951,-0.2706003974
,2017-02-24 07:00:00.000,62,121.696610569,-292.847627476,536.240848613,false,0.355343591,-0.3709333401
,2017-02-24 08:00:00.000,28,123.940034706,-290.604203339,538.48427275,false,0.2755418587,-0.5961369864
,2017-02-24 09:00:00.000,20,70.971039552,-343.573198492,485.515277597,false,0.375729641,-0.3167157694
,2017-02-24 10:00:00.000,21,84.030836364,-330.51340168,498.575074408,false,0.3476580409,-0.391651024
,2017-02-24 11:00:00.000,20,89.296621318,-325.247616726,503.840859363,false,0.3333853055,-0.4305843658
,2017-02-24 12:00:00.000,24,86.329212807,-328.215025237,500.873450851,false,0.3492702507,-0.3872913867
,2017-02-24 13:00:00.000,19,87.616613242,-326.927624803,502.160851286,false,0.3349231218,-0.4263590393
,2017-02-24 14:00:00.000,17,84.547871187,-329.996366857,499.092109231,false,0.3373456423,-0.4197182593
,2017-02-24 15:00:00.000,25,99.965066397,-314.579171647,514.509304442,false,0.3206771665,-0.4658060517
,2017-02-24 16:00:00.000,29,56.881365478,-357.662872566,471.425603522,false,0.431229501,-0.1732448111
,2017-02-24 17:00:00.000,16,67.99713165,-346.547106395,482.541369694,false,0.3733129593,-0.3230915379
,2017-02-24 18:00:00.000,14,63.569073207,-350.975164837,478.113311252,false,0.3790394719,-0.3080044531
,2017-02-24 19:00:00.000,22,66.303127497,-348.241110548,480.847365541,false,0.3915491225,-0.275283754
,2017-02-24 20:00:00.000,17,64.279378002,-350.264860042,478.823616046,false,0.3844641145,-0.2937771078
,2017-02-24 21:00:00.000,12,70.132623729,-344.411614315,484.676861774,false,0.3589692578,-0.3612152865
,2017-02-24 22:00:00.000,10,131.709737621,-282.834500423,546.253975665,false,0.2247464579,-0.7562606832
,2017-02-24 23:00:00.000,14,145.436512909,-269.107725135,559.980750953,false,0.2070501233,-0.8166993783
,2017-02-25 00:00:00.000,11,94.697895937,-319.846342107,509.242133981,false,0.3015078381,-0.5200687242
,2017-02-25 01:00:00.000,6,92.739601366,-321.804636678,507.28383941,false,0.2949541944,-0.5389687914
,2017-02-25 02:00:00.000,6,132.835001575,-281.709236469,547.379239619,false,0.2153169914,-0.7881072363
,2017-02-25 03:00:00.000,6,135.094721874,-279.449516171,549.638959918,false,0.211233581,-0.8021483283
,2017-02-25 04:00:00.000,4,132.78075719,-281.763480855,547.324995234,false,0.2117981994,-0.8001974642
,2017-02-25 05:00:00.000,7,141.755243027,-272.788995017,556.299481071,false,0.2012061416,-0.8373207777
,2017-02-25 06:00:00.000,5,146.936603384,-267.60763466,561.480841428,false,0.1889037683,-0.8819431768
,2017-02-25 07:00:00.000,6,161.254592918,-253.289645127,575.798830962,false,0.167348452,-0.96469639
,2017-02-25 08:00:00.000,7,116.063566267,-298.480671777,530.607804312,false,0.2489867002,-0.6776819074
,2017-02-25 09:00:00.000,3,62.478315361,-352.065922684,477.022553405,false,0.3558488708,-0.3695769319
,2017-02-25 10:00:00.000,10,70.421566342,-344.122671702,484.965804386,false,0.3536673908,-0.3754379554
,2017-02-25 11:00:00.000,,57.697839504,-356.84639854,472.242077548,true,,
,2017-02-25 12:00:00.000,8,46.036737036,-368.507501008,460.580975081,false,0.4065818454,-0.2363466498
,2017-02-25 13:00:00.000,5,26.534070666,-388.010167378,441.078308711,false,0.4467783881,-0.1338049963
,2017-02-25 14:00:00.000,,36.92609637,-377.618141675,451.470334414,true,,
,2017-02-25 15:00:00.000,,27.895833168,-386.648404876,442.440071213,true,,
,2017-02-25 16:00:00.000,8,19.066912079,-395.477325966,433.611150123,false,0.4725880108,-0.06876582477
,2017-02-25 17:00:00.000,,55.789485405,-358.754752639,470.33372345,true,,
,2017-02-25 18:00:00.000,17,43.994924175,-370.549313869,458.539162219,false,0.4333951789,-0.1677367826
,2017-02-25 19:00:00.000,14,74.753881967,-339.790356078,489.298120011,false,0.352899975,-0.3775028456
,2017-02-25 20:00:00.000,17,50.868141343,-363.676096702,465.412379387,false,0.4166603858,-0.2104444904
,2017-02-25 21:00:00.000,19,36.139454882,-378.404783163,450.683692926,false,0.4575934509,-0.1064984291
,2017-02-25 22:00:00.000,12,31.733413296,-382.810824749,446.27765134,false,0.4512054506,-0.1226163569
,2017-02-25 23:00:00.000,14,87.055608157,-327.488629887,501.599846201,false,0.3249355159,-0.4539413626
,2017-02-26 00:00:00.000,,84.562464519,-329.981773526,499.106702563,true,,
,2017-02-26 01:00:00.000,25,93.414889815,-321.12934823,507.959127859,false,0.3353798471,-0.4251056023
,2017-02-26 02:00:00.000,21,95.542645947,-319.001592097,510.086883991,false,0.3216172158,-0.4631812824
,2017-02-26 03:00:00.000,23,88.465576681,-326.078661363,503.009814725,false,0.3420849254,-0.4067796276
,2017-02-26 04:00:00.000,19,86.781528315,-327.762709729,501.325766359,false,0.3368154304,-0.4211701209
,2017-02-26 05:00:00.000,28,97.358929205,-317.18530884,511.903167249,false,0.3332445377,-0.4309715247
,2017-02-26 06:00:00.000,23,63.418614515,-351.125623529,477.962852559,false,0.4008503137,-0.2511467827
,2017-02-26 07:00:00.000,22,76.578768605,-337.96546944,491.123006649,false,0.3672548057,-0.3391329046
,2017-02-26 08:00:00.000,20,17.333548541,-397.210689503,431.877786586,false,0.5066095223,0.01656837359
,2017-02-26 09:00:00.000,20,32.692133789,-381.852104255,447.236371833,false,0.4685702518,-0.07886436992
,2017-02-26 10:00:00.000,26,22.985320271,-391.558917773,437.529558315,false,0.5074726053,0.01873213924
,2017-02-26 11:00:00.000,13,37.270968563,-377.273269481,451.815206608,false,0.4400623654,-0.1508110988
,2017-02-26 12:00:00.000,21,25.76013853,-388.784099515,440.304376574,false,0.4882018875,-0.02957779457
,2017-02-26 13:00:00.000,,25.923694506,-388.620543538,440.46793255,true,,
,2017-02-26 14:00:00.000,21,28.986115696,-385.558122349,443.53035374,false,0.4802114646,-0.04962286034
,2017-02-26 15:00:00.000,28,9.057208222,-405.487029822,423.601446267,false,0.5468487897,0.1177037181
,2017-02-26 16:00:00.000,29,21.781418254,-392.76281979,436.325656298,false,0.517888031,0.0448536795
,2017-02-26 17:00:00.000,23,33.782886538,-380.761351506,448.327124583,false,0.4732904568,-0.06700099187
,2017-02-26 18:00:00.000,29,33.725570461,-380.818667584,448.269808505,false,0.4882875405,-0.02936300098
,2017-02-26 19:00:00.000,36,41.022718609,-373.521519435,455.566956653,false,0.4875512825,-0.03120937306
,2017-02-26 20:00:00.000,46,53.740287199,-360.803950846,468.284525243,false,0.480820118,-0.04809537018
,2017-02-26 21:00:00.000,53,57.025426305,-357.51881174,471.569664349,false,0.4900224742,-0.02501255616
,2017-02-26 22:00:00.000,59,23.992583772,-390.551654272,438.536821816,false,0.5860998166,0.2175235362
,2017-02-26 23:00:00.000,59,53.23386845,-361.310369595,467.778106494,false,0.5142905156,0.03582867461
,2017-02-27 00:00:00.000,53,73.324431568,-341.219806476,487.868669612,false,0.4497516875,-0.1262887326
,2017-02-27 01:00:00.000,53,62.985729824,-351.55850822,477.529967868,false,0.4752624048,-0.06204774578
,2017-02-27 02:00:00.000,60,71.4916982,-343.052539845,486.035936244,false,0.4715375984,-0.07140529346
,2017-02-27 03:00:00.000,57,15.174113386,-399.370124659,429.71835143,false,0.602526099,0.2598910671
,2017-02-27 04:00:00.000,62,68.649959713,-345.894278331,483.194197758,false,0.4835202087,-0.04132046601
,2017-02-27 05:00:00.000,80,70.204215028,-344.340023016,484.748453072,false,0.5242676323,0.06086749656
,2017-02-27 06:00:00.000,93,64.022863188,-350.521374856,478.567101232,false,0.5714447325,0.1800535414
,2017-02-27 07:00:00.000,92,54.058517421,-360.485720623,468.602755465,false,0.5931885175,0.2357547728
,2017-02-27 08:00:00.000,87,16.927285431,-397.616952613,431.471523475,false,0.6683663873,0.4354067311
,2017-02-27 09:00:00.000,82,32.09497759,-382.449260454,446.639215634,false,0.6217544721,0.310091921
,2017-02-27 10:00:00.000,103,-13.76028012,-428.304518164,400.783957924,false,0.7659293294,0.7255065284
,2017-02-27 11:00:00.000,,27.835011534,-386.709226511,442.379249578,true,,
,2017-02-27 12:00:00.000,,49.332956804,-365.21128124,463.877194848,true,,
,2017-02-27 13:00:00.000,,35.971039275,-378.573198769,450.515277319,true,,
,2017-02-27 14:00:00.000,109,48.284755953,-366.259482091,462.828993998,false,0.6470108292,0.3772627634
,2017-02-27 15:00:00.000,92,25.845767257,-388.698470787,440.390005301,false,0.6594852498,0.4110586896
,2017-02-27 16:00:00.000,51,44.094989964,-370.449248081,458.639228008,false,0.5171114711,0.04290525729
,2017-02-27 17:00:00.000,49,68.74633377,-345.797904274,483.290571815,false,0.4511736623,-0.1226966401
,2017-02-27 18:00:00.000,46,61.814516012,-352.729722033,476.358754056,false,0.4608606434,-0.09826573385
,2017-02-27 19:00:00.000,51,94.958960568,-319.585277476,509.503198612,false,0.3923707921,-0.2731452241
,2017-02-27 20:00:00.000,48,101.963309999,-312.580928045,516.507548044,false,0.3686961288,-0.3353086654
,2017-02-27 21:00:00.000,57,80.223611351,-334.320626693,494.767849396,false,0.4426305271,-0.1443031965
,2017-02-27 22:00:00.000,54,28.246347604,-386.29789044,442.790585649,false,0.5635689018,0.1600239647
,2017-02-27 23:00:00.000,52,87.915492291,-326.628745753,502.459730336,false,0.4117031582,-0.2231659953
,2017-02-28 00:00:00.000,40,81.203206585,-333.341031459,495.74744463,false,0.3989669416,-0.2560219566
,2017-02-28 01:00:00.000,20,66.557691478,-347.986546566,481.101929522,false,0.3861786584,-0.2892928064
,2017-02-28 02:00:00.000,10,109.00458923,-305.539648814,523.548827274,false,0.2692182475,-0.6151790297
,2017-02-28 03:00:00.000,11,60.782394035,-353.761844009,475.32663208,false,0.3785352744,-0.3093299522
,2017-02-28 04:00:00.000,10,28.129962726,-386.414275318,442.674200771,false,0.4551527967,-0.1126530898
,2017-02-28 05:00:00.000,11,92.760119821,-321.784118223,507.304357866,false,0.3057168262,-0.508028078
,2017-02-28 06:00:00.000,11,-37.033699634,-451.577937678,377.510538411,false,0.617325549,0.298464192
,2017-02-28 07:00:00.000,10,23.076673807,-391.467564238,437.620911851,false,0.4676200718,-0.08125376376
,2017-02-28 08:00:00.000,3,68.563782562,-345.980455483,483.108020606,false,0.3418608426,-0.4073898438
,2017-02-28 09:00:00.000,9,91.720066153,-322.824171891,506.264304197,false,0.3036284982,-0.5139928404
,2017-02-28 10:00:00.000,10,62.021909409,-352.522328635,476.566147453,false,0.3732546632,-0.323245498
,2017-02-28 11:00:00.000,4,62.838122228,-351.706115816,477.382360272,false,0.3573321602,-0.3655990012
,2017-02-28 12:00:00.000,6,60.030014773,-354.514223271,474.574252818,false,0.3685398253,-0.335723145
,2017-02-28 13:00:00.000,3,94.639056386,-319.905181659,509.18329443,false,0.2845382032,-0.5694122487
,2017-02-28 14:00:00.000,3,82.520916919,-332.023321125,497.065154963,false,0.3106126683,-0.4941144738
,2017-02-28 15:00:00.000,11,78.219796707,-336.324441337,492.764034752,false,0.3380906501,-0.4176797221
,2017-02-28 16:00:00.000,6,110.205679849,-304.338558195,524.749917894,false,0.2586552511,-0.6474967425
,2017-02-28 17:00:00.000,11,84.730857916,-329.813380128,499.27509596,false,0.323426965,-0.4581371226
,2017-02-28 18:00:00.000,11,108.738133799,-305.806104245,523.282371844,false,0.2718226913,-0.6073097296
,2017-02-28 19:00:00.000,11,94.098314265,-320.445923779,508.642552309,false,0.302807386,-0.5163431386
,2017-02-28 20:00:00.000,13,132.768713981,-281.775524063,547.312952025,false,0.2283777869,-0.7441998581
,2017-02-28 21:00:00.000,14,135.157230212,-279.387007832,549.701468256,false,0.2257767595,-0.7528276002
,2017-02-28 22:00:00.000,12,132.282570854,-282.26166719,546.826808899,false,0.227413251,-0.7473927805
,2017-02-28 23:00:00.000,13,114.30449866,-300.239739384,528.848736705,false,0.2645207531,-0.6294698425
,2017-01-01 01:00:00.000,406,283.223010925,-131.321227119,697.767248969,false,0.7772361562,0.7628922012
,2017-01-01 02:00:00.000,388,276.949944177,-137.594293867,691.494182221,false,0.754910843,0.6900252415
,2017-01-01 03:00:00.000,380,274.553243586,-139.990994458,689.097481631,false,0.7438331897,0.6552083474
,2017-01-01 04:00:00.000,372,267.273902796,-147.270335248,681.81814084,false,0.7423897417,0.6507304294
,2017-01-01 05:00:00.000,380,264.8639402,-149.680297844,679.408178245,false,0.7628234314,0.7154142056
,2017-01-01 06:00:00.000,389,264.36580876,-150.178429284,678.910046804,false,0.780662373,0.7744321898
,2017-01-01 07:00:00.000,401,307.336031564,-107.20820648,721.880269608,false,0.7197147488,0.5819943264
,2017-01-01 08:00:00.000,396,321.129990971,-93.414247074,735.674229015,false,0.679111394,0.4652153993
,2017-01-01 09:00:00.000,403,327.259770722,-87.284467323,741.804008766,false,0.68104488,0.470622636
,2017-01-01 10:00:00.000,430,348.757683742,-65.786554303,763.301921786,false,0.6931540763,0.5048106323
,2017-01-01 11:00:00.000,493,332.531035998,-82.013202046,747.075274042,false,0.8406411939,0.9970966229
,2017-01-01 12:00:00.000,532,294.708102667,-119.836135377,709.252340712,false,0.9298193334,1.474446794
,2017-01-01 13:00:00.000,541,269.091487631,-145.452750414,683.635725675,false,0.9544421979,1.689542031
,2017-01-01 14:00:00.000,552,229.921308359,-184.622929685,644.465546404,false,0.9773189711,2.001281542
,2017-01-01 15:00:00.000,533,233.664595938,-180.879642107,648.208833982,false,0.9685546128,1.859962905
,2017-01-01 16:00:00.000,521,227.128174376,-187.416063668,641.672412421,false,0.9660759376,1.826014187
,2017-01-01 17:00:00.000,495,353.049887851,-61.494350193,767.594125896,false,0.811118928,0.8820271155
,2017-01-01 18:00:00.000,481,364.630638636,-49.913599409,779.17487668,false,0.7651838639,0.7230774994
,2017-01-01 19:00:00.000,469,372.535544014,-42.008694031,787.079782058,false,0.7255454289,0.5993955522
,2017-01-01 20:00:00.000,453,349.939628934,-64.60460911,764.483866978,false,0.7390372753,0.6403802042
,2017-01-01 21:00:00.000,442,389.73581748,-24.808420565,804.280055524,false,0.6273151946,0.3247508963
,2017-01-01 22:00:00.000,416,404.026187069,-10.518050975,818.570425113,false,0.5296543361,0.07440098159
,2017-01-01 23:00:00.000,403,403.091937965,-11.452300079,817.636176009,false,0.4997720964,-0.0005712695592
,2017-01-02 00:00:00.000,389,312.911030613,-101.633207432,727.455268657,false,0.6818183463,0.472789582
,2017-01-02 01:00:00.000,403,375.106758857,-39.437479187,789.650996901,false,0.5687994988,0.1733186022
,2017-01-02 02:00:00.000,413,368.69751193,-45.846726114,783.241749974,false,0.6084493514,0.2752797808
,2017-01-02 03:00:00.000,422,337.098133029,-77.446105015,751.642371074,false,0.7010940676,0.5275497686
,2017-01-02 04:00:00.000,325,336.553346601,-77.990891444,751.097584645,false,0.4713851703,-0.07178835453
,2017-01-02 05:00:00.000,148,306.646937778,-107.897300267,721.191175822,false,0.1621217178,-0.985775205
,2017-01-02 06:00:00.000,78,309.067230627,-105.477007417,723.611468672,false,0.07553404952,-1.435768946
,2017-01-02 07:00:00.000,50,326.646426203,-87.897811841,741.190664248,false,0.04280884938,-1.71898173
,2017-01-02 08:00:00.000,56,263.251327007,-151.292911037,677.795565051,false,0.09891032793,-1.287785458
,2017-01-02 09:00:00.000,208,219.516863214,-195.02737483,634.061101258,false,0.4714753764,-0.07156165984
,2017-01-02 10:00:00.000,362,237.367691522,-177.176546523,651.911929566,false,0.780658915,0.774420491
,2017-01-02 11:00:00.000,419,139.453184402,-275.091053643,553.997422446,false,0.958806742,1.73700371
,2017-01-02 12:00:00.000,361,144.601708702,-269.942529342,559.145946747,false,0.910626238,1.344621415
,2017-01-02 13:00:00.000,350,174.057914585,-240.486323459,588.60215263,false,0.8628560117,1.093241053
,2017-01-02 14:00:00.000,316,210.516240731,-204.027997314,625.060478775,false,0.7439071907,0.6554382699
,2017-01-02 15:00:00.000,297,215.490341656,-199.053896388,630.0345797,false,0.6937372593,0.5064718002
,2017-01-02 16:00:00.000,260,218.821637821,-195.722600223,633.365875865,false,0.6009734565,0.2558675824
,2017-01-02 17:00:00.000,245,251.065920391,-163.478317653,665.610158435,false,0.4849668445,-0.037691455
,2017-01-02 18:00:00.000,204,241.215238121,-173.328999923,655.759476165,false,0.4085633431,-0.23124215
,2017-01-02 19:00:00.000,195,206.397966153,-208.146271891,620.942204198,false,0.4717693625,-0.07082287612
,2017-01-02 20:00:00.000,176,225.524495477,-189.019742567,640.068733521,false,0.3791448603,-0.307727463
,2017-01-02 21:00:00.000,194,402.999046033,-11.545192011,817.543284077,false,0.0970328666,-1.298645157
,2017-01-02 22:00:00.000,275,412.024367275,-2.519870769,826.56860532,false,0.1972679589,-0.8514203024
,2017-01-02 23:00:00.000,308,426.357010354,11.81277231,840.901248399,false,0.2310394257,-0.7354280378
,2017-01-03 00:00:00.000,325,444.634826955,30.090588911,859.179065,false,0.2286294768,-0.7433679321
,2017-01-03 01:00:00.000,365,475.626315791,61.082077747,890.170553836,false,0.2459177829,-0.6873922728
,2017-01-03 02:00:00.000,371,469.984807947,55.440569903,884.529045992,false,0.269258831,-0.6150561159
,2017-01-03 03:00:00.000,331,448.669088788,34.124850743,863.213326832,false,0.2323426874,-0.7311535397
,2017-01-03 04:00:00.000,278,463.85287562,49.308637576,878.397113665,false,0.1240814273,-1.154823151
,2017-01-03 05:00:00.000,301,456.773258097,42.229020053,871.317496141,false,0.1665423649,-0.9679191895
,2017-01-03 06:00:00.000,325,452.747505559,38.203267515,867.291743604,false,0.2136625715,-0.793777209
,2017-01-03 07:00:00.000,315,436.938157264,22.393919219,851.482395308,false,0.2243212871,-0.757680001
,2017-01-03 08:00:00.000,291,382.625003511,-31.919234534,797.169241555,false,0.284567826,-0.5693249292
,2017-01-03 09:00:00.000,289,331.896381143,-82.647856901,746.440619187,false,0.3949106253,-0.2665427364
,2017-01-03 10:00:00.000,343,318.680147246,-95.864090798,733.22438529,false,0.5600574399,0.1511148477
,2017-01-03 11:00:00.000,290,295.250333114,-119.29390493,709.794571158,false,0.4869873398,-0.03262368801
,2017-01-03 12:00:00.000,285,312.943902513,-101.600335531,727.488140558,false,0.4310767931,-0.1736333938
,2017-01-03 13:00:00.000,271,310.020361158,-104.523876887,724.564599202,false,0.4042124404,-0.2424585375
,2017-01-03 14:00:00.000,267,317.893543977,-96.650694068,732.437782021,false,0.3759123604,-0.3162342397
,2017-01-03 15:00:00.000,380,294.819617107,-119.724620937,709.363855151,false,0.7016945134,0.5292803667
,2017-01-03 16:00:00.000,438,298.949023179,-115.595214865,713.493261224,false,0.8062096056,0.8640129277
,2017-01-03 17:00:00.000,399,313.994282707,-100.549955338,728.538520751,false,0.7013180202,0.5281950573
,2017-01-03 18:00:00.000,425,324.284139532,-90.260098513,738.828377576,false,0.7342809539,0.6258122558
,2017-01-03 19:00:00.000,519,292.911016911,-121.633221134,707.455254955,false,0.9199649595,1.4048359
,2017-01-03 20:00:00.000,579,298.454467284,-116.08977076,712.998705329,false,0.9593514762,1.74320938
,2017-01-03 21:00:00.000,589,373.200657703,-41.343580341,787.744895747,false,0.9100235,1.340899761
,2017-01-03 22:00:00.000,595,365.014176395,-49.530061649,779.558414439,false,0.9235049924,1.42904947
,2017-01-03 23:00:00.000,595,353.32380963,-61.220428414,767.868047674,false,0.9334113053,1.501689219
,2017-01-04 00:00:00.000,610,382.86078163,-31.683456415,797.405019674,false,0.9209310029,1.411361686
,2017-01-04 01:00:00.000,630,375.912227554,-38.632010491,790.456465598,false,0.9428102171,1.578810341
,2017-01-04 02:00:00.000,634,368.575309957,-45.968928087,783.119548001,false,0.9504521834,1.649253884
,2017-01-04 03:00:00.000,618,407.797868048,-6.746369996,822.342106092,false,0.904244243,1.306120702
,2017-01-04 04:00:00.000,608,339.673048813,-74.871189231,754.217286858,false,0.9522713739,1.667287494
,2017-01-04 05:00:00.000,580,338.979348965,-75.564889079,753.523587009,false,0.9328834676,1.497615933
,2017-01-04 06:00:00.000,557,343.745632845,-70.798605199,758.289870889,false,0.9074287182,1.325086197
,2017-01-04 07:00:00.000,504,329.625857444,-84.918380601,744.170095488,false,0.8607063737,1.083498418
,2017-01-04 08:00:00.000,280,345.093684675,-69.450553369,759.63792272,false,0.3429339994,-0.404468824
,2017-01-04 09:00:00.000,237,323.062872762,-91.481365282,737.607110806,false,0.2964065843,-0.5347638425
,2017-01-04 10:00:00.000,462,323.856520785,-90.68771726,738.400758829,false,0.8046570275,0.8583740629
,2017-01-04 11:00:00.000,529,304.144584123,-110.399653922,718.688822167,false,0.9188189158,1.397170956
,2017-01-04 12:00:00.000,621,321.960256788,-92.583981256,736.504494833,false,0.9684244223,1.858125775
,2017-01-04 13:00:00.000,3,323.222534752,-91.321703293,737.766772796,false,0.02330934844,-1.989748049
,2017-01-04 14:00:00.000,144,311.013954216,-103.530283829,725.55819226,false,0.1496897734,-1.037764846
,2017-01-04 15:00:00.000,403,308.105665141,-106.438572903,722.649903185,false,0.7222837786,0.5896393823
,2017-01-04 16:00:00.000,363,317.697206612,-96.847031432,732.241444656,false,0.6108347413,0.2814953195
,2017-01-04 17:00:00.000,394,312.225339241,-102.318898803,726.769577285,false,0.6943148545,0.5081184302
,2017-01-04 18:00:00.000,348,311.344072465,-103.200165579,725.88831051,false,0.5900862288,0.2277667945
,2017-01-04 19:00:00.000,369,314.472175471,-100.072062573,729.016413516,false,0.6326259606,0.3388163563
,2017-01-04 20:00:00.000,411,314.263886775,-100.28035127,728.808124819,false,0.7261078247,0.6010835329
,2017-01-04 21:00:00.000,375,305.494581011,-109.049657033,720.038819055,false,0.6670863238,0.4318817597
,2017-01-04 22:00:00.000,386,310.802669331,-103.741568713,725.346907375,false,0.6798392225,0.4672492586
,2017-01-04 23:00:00.000,330,333.599618427,-80.944619618,748.143856471,false,0.4910777062,-0.02236673864
,2017-01-05 00:00:00.000,264,318.903084794,-95.64115325,733.447322838,false,0.3664960502,-0.3411480891
,2017-01-05 01:00:00.000,175,355.114903172,-59.429334872,769.659141217,false,0.1315339286,-1.119169447
,2017-01-05 02:00:00.000,162,349.268788375,-65.275449669,763.81302642,false,0.1222887932,-1.163621125
,2017-01-05 03:00:00.000,178,365.70728444,-48.836953605,780.251522484,false,0.1217373349,-1.166345783
,2017-01-05 04:00:00.000,191,313.604485027,-100.939753018,728.148723071,false,0.2230836246,-0.7618203229
,2017-01-05 05:00:00.000,228,286.764342822,-127.779895222,701.308580866,false,0.3575032418,-0.3651405625
,2017-01-05 06:00:00.000,283,327.782471016,-86.761767029,742.32670906,false,0.3904055366,-0.2782622228
,2017-01-05 07:00:00.000,292,321.199006137,-93.345231907,735.743244182,false,0.4280141897,-0.1814321579
,2017-01-05 08:00:00.000,271,307.412747896,-107.131490148,721.95698594,false,0.410501251,-0.2262557634
,2017-01-05 09:00:00.000,262,323.766882876,-90.777355169,738.31112092,false,0.3505643558,-0.3837972701
,2017-01-05 10:00:00.000,275,397.058451972,-17.485786072,811.602690017,false,0.2240975593,-0.7584274692
,2017-01-05 11:00:00.000,278,382.89300283,-31.651235214,797.437240874,false,0.2572755784,-0.6517675211
,2017-01-05 12:00:00.000,262,374.85965386,-39.684584185,789.403891904,false,0.2415674423,-0.701269435
,2017-01-05 13:00:00.000,223,309.874633847,-104.669604198,724.418871891,false,0.2946647816,-0.5398078349
,2017-01-05 14:00:00.000,204,310.038867776,-104.505370268,724.583105821,false,0.2549840018,-0.6588875152
,2017-01-05 15:00:00.000,189,394.031763688,-20.512474356,808.576001733,false,0.1013327914,-1.273993887
,2017-01-05 16:00:00.000,193,400.61796686,-13.926271184,815.162204904,false,0.09851428384,-1.290063626
,2017-01-05 17:00:00.000,189,410.635648168,-3.908589876,825.179886212,false,0.08423070148,-1.377164473
,2017-01-05 18:00:00.000,196,417.538558254,2.994320209,832.082796298,false,0.08432397819,-1.376561191
,2017-01-05 19:00:00.000,197,393.417130753,-21.127107292,807.961368797,false,0.1111442026,-1.220465646
,2017-01-05 20:00:00.000,200,444.018303229,29.474065184,858.562541273,false,0.06472905177,-1.516242269
,2017-01-05 21:00:00.000,196,449.137472351,34.593234307,863.681710395,false,0.05787034871,-1.572905517
,2017-01-05 22:00:00.000,205,453.358295461,38.814057417,867.902533505,false,0.06138998563,-1.543209425
,2017-01-05 23:00:00.000,198,459.464676558,44.920438513,874.008914602,false,0.05211881515,-1.624647779
,2017-01-06 00:00:00.000,190,407.447169348,-7.097068696,821.991407393,false,0.08832549251,-1.351138767
,2017-01-06 01:00:00.000,204,323.038080514,-91.50615753,737.582318558,false,0.2297531735,-0.7396599636
,2017-01-06 02:00:00.000,203,314.462217829,-100.082020215,729.006455874,false,0.2442846151,-0.6925862684
,2017-01-06 03:00:00.000,187,309.759446613,-104.784791432,724.303684657,false,0.2227963514,-0.7627831986
,2017-01-06 04:00:00.000,172,306.779733672,-107.764504372,721.323971716,false,0.2011633867,-0.8374729538
,2017-01-06 05:00:00.000,150,298.410242015,-116.133996029,712.954480059,false,0.1782204637,-0.9221680468
,2017-01-06 06:00:00.000,143,353.583499948,-60.960738097,768.127737992,false,0.09535351669,-1.308490386
,2017-01-06 07:00:00.000,182,369.299878941,-45.244359103,783.844116985,false,0.1222496357,-1.163814311
,2017-01-06 08:00:00.000,192,328.560977331,-85.983260714,743.105215375,false,0.1980683847,-0.8485409634
,2017-01-06 09:00:00.000,201,321.409658563,-93.134579482,735.953896607,false,0.2271750552,-0.748182458
,2017-01-06 10:00:00.000,219,308.135553233,-106.408684811,722.679791277,false,0.2898385706,-0.5538563775
,2017-01-06 11:00:00.000,217,302.710855152,-111.833382892,717.255093196,false,0.2971633758,-0.5325765312
,2017-01-06 12:00:00.000,232,281.977919833,-132.566318211,696.522157877,false,0.3780733182,-0.3105448795
,2017-01-06 13:00:00.000,234,329.193282798,-85.350955247,743.737520842,false,0.2770937532,-0.5914969377
,2017-01-06 14:00:00.000,232,349.846391515,-64.697846529,764.390629559,false,0.2320063982,-0.7322552353
,2017-01-06 15:00:00.000,202,307.979228332,-106.565009712,722.523466376,false,0.2551030087,-0.658516937
,2017-01-06 16:00:00.000,187,313.645855147,-100.898382898,728.190093191,false,0.2156608521,-0.7869319482
,2017-01-06 17:00:00.000,213,287.130486882,-127.413751162,701.674724926,false,0.3225355318,-0.4606202737
,2017-01-06 18:00:00.000,213,294.501714349,-120.042523695,709.045952393,false,0.3062800627,-0.506422439
,2017-01-06 19:00:00.000,209,273.760798621,-140.783439424,688.305036665,false,0.3436946917,-0.4024003894
,2017-01-06 20:00:00.000,219,275.92987638,-138.614361664,690.474114424,false,0.3617661797,-0.3537418455
,2017-01-06 21:00:00.000,222,262.995114904,-151.549123141,677.539352948,false,0.3994662276,-0.2547289495
,2017-01-06 22:00:00.000,230,266.727984941,-147.816253103,681.272222986,false,0.4097397317,-0.2282145334
,2017-01-06 23:00:00.000,233,266.073770843,-148.470467202,680.618008887,false,0.4185874067,-0.2055085569
,2017-01-07 00:00:00.000,217,264.506845941,-150.037392104,679.051083985,false,0.3839241748,-0.295190512
,2017-01-07 01:00:00.000,231,250.610700525,-163.933537519,665.15493857,false,0.4515073773,-0.1218538637
,2017-01-07 02:00:00.000,233,279.069161191,-135.475076853,693.613399235,false,0.3873405474,-0.2862572543
,2017-01-07 03:00:00.000,228,277.343675778,-137.200562266,691.887913822,false,0.379572437,-0.3066039142
,2017-01-07 04:00:00.000,225,275.60319998,-138.941038064,690.147438025,false,0.3765971815,-0.3144301462
,2017-01-07 05:00:00.000,240,265.817873865,-148.72636418,680.362111909,false,0.436273931,-0.1604230139
,2017-01-07 06:00:00.000,206,221.573562389,-192.970675656,636.117800433,false,0.4614551063,-0.0967685344
,2017-01-07 07:00:00.000,207,225.747738826,-188.796499218,640.291976871,false,0.4536314204,-0.116491729
,2017-01-07 08:00:00.000,210,242.032511338,-172.511726706,656.576749382,false,0.4211162972,-0.1990385435
,2017-01-07 09:00:00.000,205,230.64818147,-183.896056574,645.192419514,false,0.4366892357,-0.1593686062
,2017-01-07 10:00:00.000,193,245.260367577,-169.283870467,659.804605621,false,0.3726937765,-0.3247271916
,2017-01-07 11:00:00.000,148,211.332399231,-203.211838813,625.876637276,false,0.3469659452,-0.3935248276
,2017-01-07 12:00:00.000,158,210.902622025,-203.641616019,625.446860069,false,0.3711844501,-0.3287179305
,2017-01-07 13:00:00.000,164,237.37480587,-177.169432175,651.919043914,false,0.3242220482,-0.4559247428
,2017-01-07 14:00:00.000,153,260.658647323,-153.885590721,675.202885367,false,0.2517629708,-0.6689522447
,2017-01-07 15:00:00.000,112,242.734438577,-171.809799467,657.278676621,false,0.2082991598,-0.8123369401
,2017-01-07 16:00:00.000,103,239.320420577,-175.223817467,653.864658621,false,0.198484677,-0.84704623
,2017-01-07 17:00:00.000,113,242.387355912,-172.156882133,656.931593956,false,0.2107081175,-0.8039666513
,2017-01-07 18:00:00.000,122,269.950248803,-144.593989241,684.494486847,false,0.178966773,-0.9193098139
,2017-01-07 19:00:00.000,120,263.771932599,-150.772305445,678.316170643,false,0.1858356197,-0.8933472547
,2017-01-07 20:00:00.000,123,261.856221263,-152.688016782,676.400459307,false,0.1941229534,-0.8628027865
,2017-01-07 21:00:00.000,158,261.724085155,-152.820152889,676.2683232,false,0.2596242397,-0.6445042857
,2017-01-07 22:00:00.000,200,282.404182406,-132.140055638,696.94842045,false,0.3043149886,-0.512030052
,2017-01-07 23:00:00.000,209,289.988739569,-124.555498475,704.532977614,false,0.3073995308,-0.5032349976
,2017-01-08 00:00:00.000,208,236.904014197,-177.640223847,651.448252241,false,0.4287336228,-0.1795991837
,2017-01-08 01:00:00.000,196,249.747451909,-164.796786135,664.291689953,false,0.3692020791,-0.3339674006
,2017-01-08 02:00:00.000,156,245.741599434,-168.802638611,660.285837478,false,0.2885512203,-0.5576221314
,2017-01-08 03:00:00.000,30,245.898450975,-168.64578707,660.442689019,false,0.08987655632,-1.341515586
,2017-01-08 04:00:00.000,25,253.360877778,-161.183360267,667.905115822,false,0.07795641205,-1.41895264
,2017-01-08 05:00:00.000,19,225.062270375,-189.481967669,639.606508419,false,0.1002027592,-1.280397086
,2017-01-08 06:00:00.000,19,218.162660766,-196.381577279,632.70689881,false,0.1079460481,-1.237525385
,2017-01-08 07:00:00.000,20,200.58134257,-213.962895474,615.125580615,false,0.1309168208,-1.122067734
,2017-01-08 08:00:00.000,18,200.129390592,-214.414847452,614.673628637,false,0.1288830771,-1.13168675
,2017-01-08 09:00:00.000,22,190.104944551,-224.439293493,604.649182595,false,0.1481169169,-1.044543869
,2017-01-08 10:00:00.000,20,193.678107913,-220.866130131,608.222345958,false,0.1402551935,-1.079173508
,2017-01-08 11:00:00.000,19,179.444173652,-235.100064392,593.988411697,false,0.1593961899,-0.9969425845
,2017-01-08 12:00:00.000,23,198.133951962,-216.410286083,612.678190006,false,0.1382490867,-1.088219601
,2017-01-08 13:00:00.000,21,240.117017566,-174.427220478,654.66125561,false,0.08667556054,-1.361514606
,2017-01-08 14:00:00.000,27,232.417200407,-182.127037637,646.961438452,false,0.1009090475,-1.276388852
,2017-01-08 15:00:00.000,66,193.09737689,-221.446861154,607.641614935,false,0.2148405307,-0.7897375425
,2017-01-08 16:00:00.000,135,197.633833704,-216.91040434,612.178071749,false,0.3485699483,-0.3891841918
,2017-01-08 17:00:00.000,129,190.98422489,-223.560013154,605.528462935,false,0.3500639741,-0.3851477555
,2017-01-08 18:00:00.000,154,189.90001263,-224.644225414,604.444250675,false,0.4117405871,-0.2230698103
,2017-01-08 19:00:00.000,168,176.025600484,-238.518637561,590.569838528,false,0.4801137074,-0.04986820466
,2017-01-08 20:00:00.000,76,186.830134137,-227.714103907,601.374372181,false,0.2455190275,-0.6886587269
,2017-01-08 21:00:00.000,13,210.415079444,-204.1291586,624.959317489,false,0.1099739741,-1.226666541
,2017-01-08 22:00:00.000,10,212.78568218,-201.758555864,627.329920225,false,0.1038279099,-1.260037541
,2017-01-08 23:00:00.000,8,199.273269472,-215.270968573,613.817507516,false,0.1173175439,-1.188503535
,2017-01-09 00:00:00.000,13,178.853164821,-235.691073223,593.397402865,false,0.1513754502,-1.030552117
,2017-01-09 01:00:00.000,14,183.769573203,-230.774664841,598.313811247,false,0.1457384414,-1.054887275
,2017-01-09 02:00:00.000,10,178.221621233,-236.322616812,592.765859277,false,0.1479493637,-1.045268856
,2017-01-09 03:00:00.000,12,144.300958473,-270.243279571,558.845196518,false,0.2055183206,-0.8220707332
,2017-01-09 04:00:00.000,9,128.610016494,-285.93422155,543.154254539,false,0.2286761343,-0.7432137688
,2017-01-09 05:00:00.000,9,121.06060959,-293.483628454,535.604847635,false,0.2431190902,-0.6963044603
,2017-01-09 06:00:00.000,10,113.678178718,-300.866059327,528.222416762,false,0.2597167031,-0.6442190395
,2017-01-09 07:00:00.000,10,110.812801866,-303.731436178,525.357039911,false,0.265521513,-0.6264146149
,2017-01-09 08:00:00.000,10,104.181623263,-310.362614781,518.725861307,false,0.2792029758,-0.5852108479
,2017-01-09 09:00:00.000,14,107.265652351,-307.278585693,521.809890396,false,0.2811194027,-0.579519333
,2017-01-09 10:00:00.000,13,100.057710855,-314.486527189,514.601948899,false,0.2942726052,-0.5409454098
,2017-01-09 11:00:00.000,13,110.238300042,-304.305938002,524.782538086,false,0.2728540303,-0.6042039418
,2017-01-09 12:00:00.000,16,145.102059108,-269.442178936,559.646297153,false,0.2112203967,-0.8021939192
,2017-01-09 13:00:00.000,17,124.169709417,-290.374528627,538.713947461,false,0.2527329847,-0.6659141598
,2017-01-09 14:00:00.000,19,96.768074743,-317.776163301,511.312312787,false,0.3144687241,-0.4832229408
,2017-01-09 15:00:00.000,29,105.969760463,-308.574477581,520.513998507,false,0.3162316909,-0.478262502
,2017-01-09 16:00:00.000,35,131.268446601,-283.275791443,545.812684646,false,0.2748607113,-0.5981776202
,2017-01-09 17:00:00.000,49,129.427043814,-285.11719423,543.971281858,false,0.308627384,-0.4997448215
,2017-01-09 18:00:00.000,54,142.857614476,-271.686623568,557.40185252,false,0.2904298619,-0.5521293657
,2017-01-09 19:00:00.000,73,152.771307293,-261.772930751,567.315545338,false,0.3100635189,-0.4956703098
,2017-01-09 20:00:00.000,108,113.140169451,-301.404068593,527.684407495,false,0.4872602805,-0.0319391705
,2017-01-09 21:00:00.000,136,97.411331034,-317.13290701,511.955569079,false,0.5947481041,0.239776157
,2017-01-09 22:00:00.000,158,77.627464861,-336.916773183,492.171702905,false,0.6912533471,0.4994061242
,2017-01-09 23:00:00.000,153,77.15710242,-337.387135624,491.701340465,false,0.6812726688,0.47126058
,2017-01-10 00:00:00.000,154,71.465154599,-343.079083445,486.009392643,false,0.6959690569,0.512841945
,2017-01-10 01:00:00.000,59,50.74201221,-363.802225834,465.286250255,false,0.5204616171,0.05131217608
,2017-01-10 02:00:00.000,3,54.502032413,-360.042205631,469.046270458,false,0.3744784159,-0.3200151687
,2017-01-10 03:00:00.000,13,57.942978561,-356.601259483,472.487216605,false,0.3900228196,-0.2792595592
,2017-01-10 04:00:00.000,5,61.483311981,-353.060926063,476.027550026,false,0.3628065324,-0.3509670544
,2017-01-10 05:00:00.000,5,53.550615144,-360.9936229,468.094853188,false,0.3814494872,-0.3016761197
,2017-01-10 06:00:00.000,4,52.216002194,-362.328235851,466.760240238,false,0.3822423036,-0.2995969548
,2017-01-10 07:00:00.000,5,58.033991169,-356.510246875,472.578229213,false,0.3708759699,-0.3295342113
,2017-01-10 08:00:00.000,7,66.723911214,-347.82032683,481.268149258,false,0.3552804171,-0.3711029765
,2017-01-10 09:00:00.000,3,38.313514298,-376.230723746,452.857752343,false,0.4131592962,-0.2194255199
,2017-01-10 10:00:00.000,3,21.89138897,-392.652849075,436.435627014,false,0.4532777547,-0.1173843195
,2017-01-10 11:00:00.000,3,17.826591805,-396.717646239,432.370829849,false,0.463298518,-0.09212712695
,2017-01-10 12:00:00.000,6,19.772691353,-394.771546691,434.316929398,false,0.4659007184,-0.08557856731
,2017-01-10 13:00:00.000,13,18.636552053,-395.907685991,433.180790098,false,0.4860304954,-0.03502351406
,2017-01-10 14:00:00.000,13,24.094988282,-390.449249762,438.639226326,false,0.4725185779,-0.06894028023
,2017-01-10 15:00:00.000,12,41.627834109,-372.916403935,456.172072154,false,0.4269687815,-0.1840967412
,2017-01-10 16:00:00.000,17,15.238959993,-399.305278051,429.783198038,false,0.5043653274,0.01094247136
,2017-01-10 17:00:00.000,57,30.552609239,-383.991628806,445.096847283,false,0.5652661299,0.1643346062
,2017-01-10 18:00:00.000,65,68.537604551,-346.006633493,483.081842595,false,0.4912313937,-0.02198140664
,2017-01-10 19:00:00.000,73,62.676264963,-351.867973081,477.220503008,false,0.5255738046,0.06414798902
,2017-01-10 20:00:00.000,83,93.947578258,-320.596659787,508.491816302,false,0.4728831344,-0.06802432718
,2017-01-10 21:00:00.000,89,150.453961146,-264.090276898,564.99819919,false,0.351285244,-0.3818528866
,2017-01-10 22:00:00.000,93,108.280996596,-306.263241448,522.825234641,false,0.4621770184,-0.09495063544
,2017-01-10 23:00:00.000,95,98.287576522,-316.256661522,512.831814567,false,0.4918510448,-0.02042782209
,2017-01-11 00:00:00.000,98,118.953604378,-295.590633666,533.497842422,false,0.4482048145,-0.1301981869
,2017-01-11 01:00:00.000,102,140.532706664,-274.01153138,555.076944708,false,0.4053866946,-0.2394284273
,2017-01-11 02:00:00.000,113,119.761415042,-294.782823003,534.305653086,false,0.4832441636,-0.04201300947
,2017-01-11 03:00:00.000,105,126.8318099,-287.712428145,541.376047944,false,0.4460469955,-0.1356550412
,2017-01-11 04:00:00.000,119,128.008489563,-286.535748481,542.552727608,false,0.4776806524,-0.05597552509
,2017-01-11 05:00:00.000,118,113.677215614,-300.86702243,528.221453658,false,0.5107143941,0.02686023269
,2017-01-11 06:00:00.000,68,92.88176191,-321.662476135,507.425999954,false,0.4385658319,-0.1546063497
,2017-01-11 07:00:00.000,61,124.345836614,-290.19840143,538.890074658,false,0.3469351178,-0.3936083227
,2017-01-11 08:00:00.000,52,108.328940828,-306.215297216,522.873178873,false,0.3631664042,-0.3500078474
,2017-01-11 09:00:00.000,53,114.675560966,-299.868677078,529.21979901,false,0.3507746816,-0.3832298285
,2017-01-11 10:00:00.000,64,118.424377717,-296.119860327,532.968615761,false,0.3676161941,-0.3381735749
,2017-01-11 11:00:00.000,74,115.024594421,-299.519643623,529.568832465,false,0.3993954857,-0.2549121246
,2017-01-11 12:00:00.000,80,128.162679622,-286.381558423,542.706917666,false,0.3823686894,-0.2992656275
,2017-01-11 13:00:00.000,98,104.01498327,-310.529254774,518.559221314,false,0.4850930229,-0.03737494999
,2017-01-11 14:00:00.000,89,78.186858198,-336.357379846,492.731096242,false,0.5267843739,0.06718898723
,2017-01-11 15:00:00.000,63,74.953213766,-339.591024279,489.49745181,false,0.4703965859,-0.07427298576
,2017-01-11 16:00:00.000,126,56.588159711,-357.956078333,471.132397755,false,0.6668749821,0.4313002952
,2017-01-11 17:00:00.000,103,71.305865548,-343.238372497,485.850103592,false,0.5780611857,0.1969359909
,2017-01-11 18:00:00.000,97,84.353157981,-330.191080064,498.897396025,false,0.5313178225,0.0785829431
,2017-01-11 19:00:00.000,116,107.544487844,-306.999750201,522.088725888,false,0.5209505975,0.0525395217
,2017-01-11 20:00:00.000,117,96.78069442,-317.763543625,511.324932464,false,0.5499897765,0.1256355174
,2017-01-11 21:00:00.000,111,134.016924994,-280.52731305,548.561163039,false,0.4431376188,-0.1430189216
,2017-01-11 22:00:00.000,119,106.826735295,-307.717502749,521.370973339,false,0.5301473646,0.07564030342
,2017-01-11 23:00:00.000,35,90.666940751,-323.877297293,505.211178796,false,0.3647110326,-0.3458944162
,2017-01-12 00:00:00.000,25,63.290986296,-351.253251748,477.83522434,false,0.4059690649,-0.2379264636
,2017-01-12 01:00:00.000,31,109.657942251,-304.886295793,524.202180295,false,0.3125085507,-0.4887522585
,2017-01-12 02:00:00.000,30,103.998270271,-310.545967773,518.542508315,false,0.3228303485,-0.4597987271
,2017-01-12 03:00:00.000,28,151.061237798,-263.483000246,565.605475843,false,0.2222374857,-0.7646584209
,2017-01-12 04:00:00.000,12,139.870488473,-274.673749572,554.414726517,false,0.2134401644,-0.7945413807
,2017-01-12 05:00:00.000,24,70.36440166,-344.179836384,484.908639705,false,0.3866382451,-0.2880917728
,2017-01-12 06:00:00.000,20,70.842475936,-343.701762108,485.386713981,false,0.376032784,-0.3159169212
,2017-01-12 07:00:00.000,17,114.573420727,-299.970817317,529.117658771,false,0.2721623399,-0.6062862616
,2017-01-12 08:00:00.000,26,109.914461895,-304.629776149,524.45869994,false,0.3010390655,-0.5214143874
,2017-01-12 09:00:00.000,12,112.310739097,-302.233498947,526.854977141,false,0.2665453491,-0.6232949768
,2017-01-12 10:00:00.000,24,64.812176915,-349.732061129,479.35641496,false,0.3999052968,-0.2535922384
,2017-01-12 11:00:00.000,23,67.123973044,-347.420265,481.668211089,false,0.3919767785,-0.2741705524
,2017-01-12 12:00:00.000,53,61.179668329,-353.364569715,475.723906374,false,0.4797322748,-0.05082552703
,2017-01-12 13:00:00.000,70,52.653878576,-361.890359468,467.19811662,false,0.5429159196,0.1077825809
,2017-01-12 14:00:00.000,72,65.252867451,-349.291370593,479.797105495,false,0.5167204629,0.04192426318
,2017-01-12 15:00:00.000,90,58.189291696,-356.354946348,472.733529741,false,0.5783445888,0.197660339
,2017-01-12 16:00:00.000,108,85.165869445,-329.378368599,499.71010749,false,0.5564138292,0.1418831025
,2017-01-12 17:00:00.000,110,132.321295983,-282.222942061,546.865534028,false,0.4448449792,-0.1386965323
,2017-01-12 18:00:00.000,111,127.504536488,-287.039701556,542.048774533,false,0.4591587647,-0.1025532738
,2017-01-12 19:00:00.000,124,132.656672552,-281.887565493,547.200910596,false,0.4785514534,-0.05378946029
,2017-01-12 20:00:00.000,151,173.529444774,-241.01479327,588.073682818,false,0.4443339875,-0.1399898942
,2017-01-12 21:00:00.000,97,161.460478704,-253.083759341,576.004716748,false,0.3443815093,-0.4005343091
,2017-01-12 22:00:00.000,15,39.437875474,-375.10636257,453.982113519,false,0.439653333,-0.1518481985
,2017-01-12 23:00:00.000,19,61.560188452,-352.984049592,476.104426497,false,0.3957151472,-0.2644537555
,2017-01-13 00:00:00.000,5,22.514860305,-392.029377739,437.059098349,false,0.4566682424,-0.1088310638
,2017-01-13 01:00:00.000,3,33.108945907,-381.435292137,447.653183951,false,0.425796525,-0.1870861974
,2017-01-13 02:00:00.000,11,7.334676155,-407.209561889,421.878914199,false,0.5090851284,0.02277500855
,2017-01-13 03:00:00.000,11,-5.854441725,-420.398679769,408.689796319,false,0.5417039639,0.1047274595
,2017-01-13 04:00:00.000,8,66.535257865,-348.008980179,481.079495909,false,0.3580346324,-0.3637171107
,2017-01-13 05:00:00.000,13,83.563021588,-330.981216456,498.107259633,false,0.3305288497,-0.4384533231
,2017-01-13 06:00:00.000,14,67.710535246,-346.833702799,482.25477329,false,0.3692886309,-0.3337380137
,2017-01-13 07:00:00.000,4,20.377857544,-394.1663805,434.922095588,false,0.4594711527,-0.1017661362
,2017-01-13 08:00:00.000,21,40.321316823,-374.222921222,454.865554867,false,0.4522194977,-0.1200557371
,2017-01-13 09:00:00.000,19,21.883406698,-392.660831346,436.427644743,false,0.4928527507,-0.01791645568
,2017-01-13 10:00:00.000,10,34.742973336,-379.801264708,449.28721138,false,0.438905808,-0.1537439673
,2017-01-13 11:00:00.000,19,24.301172057,-390.243065987,438.845410101,false,0.4868613836,-0.03293958298
,2017-01-13 12:00:00.000,16,27.461960515,-387.082277529,442.00619856,false,0.4716111275,-0.07122051415
,2017-01-13 13:00:00.000,13,4.628571381,-409.915666663,419.172809425,false,0.5207424487,0.05201705674
,2017-01-13 14:00:00.000,15,16.2169475,-398.327290544,430.761185544,false,0.4969833567,-0.007561675556
,2017-01-13 15:00:00.000,17,33.907871697,-380.636366347,448.452109742,false,0.458164316,-0.1050594542
,2017-01-13 16:00:00.000,15,-3.075904114,-417.620142159,411.46833393,false,0.5447140434,0.1123171889
,2017-01-13 17:00:00.000,12,29.383165588,-385.161072457,443.927403632,false,0.4569927852,-0.10801276
,2017-01-13 18:00:00.000,10,-5.287805936,-419.83204398,409.256432109,false,0.5378397852,0.09499294623
,2017-01-13 19:00:00.000,11,5.009378827,-409.534859217,419.553616871,false,0.5148466283,0.03722357266
,2017-01-13 20:00:00.000,16,17.997704193,-396.546533851,432.541942237,false,0.4950480495,-0.01241301779
,2017-01-13 21:00:00.000,13,6.770305219,-407.773932825,421.314543263,false,0.5154388371,0.03870909036
,2017-01-13 22:00:00.000,22,32.138213216,-382.406024829,446.68245126,false,0.4748851542,-0.06299522292
,2017-01-13 23:00:00.000,16,59.337982419,-355.206255625,473.882220464,false,0.3938545375,-0.2692866884
,2017-01-14 00:00:00.000,16,76.983636163,-337.560601881,491.527874208,false,0.3523697537,-0.3789304558
,2017-01-14 01:00:00.000,21,57.899075499,-356.645162546,472.443313543,false,0.40932657,-0.2292776288
,2017-01-14 02:00:00.000,20,91.543668887,-323.000569157,506.087906931,false,0.3283236815,-0.4445467139
,2017-01-14 03:00:00.000,18,46.290159143,-368.254078902,460.834397187,false,0.4302314632,-0.1757849084
,2017-01-14 04:00:00.000,20,41.924098875,-372.620139169,456.46833692,false,0.445820326,-0.1362284918
,2017-01-14 05:00:00.000,11,54.073686741,-360.470551304,468.617924785,false,0.3944865064,-0.2676444498
,2017-01-14 06:00:00.000,11,46.321815384,-368.222422661,460.866053428,false,0.4131392083,-0.2194770998
,2017-01-14 07:00:00.000,19,45.460708395,-369.083529649,460.00494644,false,0.4347013002,-0.1644173572
,2017-01-14 08:00:00.000,13,63.351341416,-351.192896628,477.895579461,false,0.3771915436,-0.3128651873
,2017-01-14 09:00:00.000,10,36.308156812,-378.236081232,450.852394856,false,0.43507441,-0.1634694564
,2017-01-14 10:00:00.000,24,24.753793373,-389.790444672,439.298031417,false,0.4981314403,-0.004683801823
,2017-01-14 11:00:00.000,29,32.401661375,-382.142576669,446.945899419,false,0.4915683027,-0.02113670447
,2017-01-14 12:00:00.000,25,46.230047022,-368.314191022,460.774285066,false,0.4475254051,-0.1319159024
,2017-01-14 13:00:00.000,23,24.946412106,-389.597825938,439.490650151,false,0.4951751872,-0.01209430715
,2017-01-14 14:00:00.000,18,25.6700782,-388.874159844,440.214316244,false,0.4809939586,-0.04765911663
,2017-01-14 15:00:00.000,24,12.540946394,-402.003291651,427.085184438,false,0.5283816849,0.07120245166
,2017-01-14 16:00:00.000,25,-8.390818639,-422.935056683,406.153419405,false,0.5821819396,0.2074785782
,2017-01-14 17:00:00.000,24,14.929567038,-399.614671007,429.473805082,false,0.5224726561,0.05636041917
,2017-01-14 18:00:00.000,21,4.946028427,-409.598209618,419.490266471,false,0.5397300368,0.09975362488
,2017-01-14 19:00:00.000,33,8.351715288,-406.192522756,422.895953332,false,0.5608622171,0.1531556061
,2017-01-14 20:00:00.000,48,-11.881445113,-426.425683157,402.662792931,false,0.64508404,0.3720818357
,2017-01-14 21:00:00.000,48,28.228161772,-386.316076272,442.772399817,false,0.5488890856,0.1228551156
,2017-01-14 22:00:00.000,44,22.151145471,-392.393092574,436.695383515,false,0.5539948689,0.1357609504
,2017-01-14 23:00:00.000,44,35.632673271,-378.911564773,450.176911315,false,0.5207322944,0.05199156906
,2017-01-15 00:00:00.000,33,42.769582394,-371.774655651,457.313820438,false,0.475797201,-0.06070468313
,2017-01-15 01:00:00.000,33,51.757272299,-362.786965746,466.301510343,false,0.4536079479,-0.1165509666
,2017-01-15 02:00:00.000,46,49.638400642,-364.905837402,464.182638686,false,0.4909815939,-0.02260771742
,2017-01-15 03:00:00.000,40,38.187121728,-376.357116317,452.731359772,false,0.5044938205,0.01126457577
,2017-01-15 04:00:00.000,46,29.187448224,-385.35678982,443.731686268,false,0.54160069,0.1044671703
,2017-01-15 05:00:00.000,37,29.99078722,-384.553450824,444.535025265,false,0.5173695364,0.04355273579
,2017-01-15 06:00:00.000,24,39.222134492,-375.322103552,453.766372536,false,0.4623222771,-0.09458488742
,2017-01-15 07:00:00.000,30,36.052692125,-378.491545919,450.59693017,false,0.4849996126,-0.0376092593
,2017-01-15 08:00:00.000,36,31.04199233,-383.502245714,445.586230375,false,0.5122883837,0.03080728248
,2017-01-15 09:00:00.000,32,27.110064279,-387.434173765,441.654302323,false,0.5121197202,0.03038430779
,2017-01-15 10:00:00.000,38,32.307618195,-382.236619849,446.851856239,false,0.5141078144,0.03537042012
,2017-01-15 11:00:00.000,32,8.88707941,-405.657158634,423.431317455,false,0.5570979119,0.1436154038
,2017-01-15 12:00:00.000,38,5.203805925,-409.340432119,419.74804397,false,0.5807387713,0.2037837943
,2017-01-15 13:00:00.000,42,0.7809531589,-413.763284885,415.325191203,false,0.601071058,0.2561203823
,2017-01-15 14:00:00.000,47,6.500678349,-408.043559695,421.044916394,false,0.5993435268,0.2516482679
,2017-01-15 15:00:00.000,62,24.012774697,-390.531463347,438.557012741,false,0.5932987969,0.2360390017
,2017-01-15 16:00:00.000,61,22.089125395,-392.455112649,436.63336344,false,0.5955239947,0.2417782274
,2017-01-15 17:00:00.000,72,50.49330336,-364.050934685,465.037541404,false,0.5531543588,0.1336349039
,2017-01-15 18:00:00.000,76,56.657653109,-357.886584936,471.201891153,false,0.5478322587,0.1201864104
,2017-01-15 19:00:00.000,71,46.683293782,-367.860944262,461.227531826,false,0.5600497285,0.1510952962
,2017-01-15 20:00:00.000,81,12.668187773,-401.876050271,427.212425817,false,0.6644319848,0.4245893879
,2017-01-15 21:00:00.000,80,47.777731723,-366.766506321,462.321969767,false,0.5793448083,0.2002176251
,2017-01-15 22:00:00.000,80,52.324184533,-362.220053511,466.868422578,false,0.5682684984,0.171967597
,2017-01-15 23:00:00.000,88,61.370722285,-353.17351576,475.914960329,false,0.565710918,0.1654647866
,2017-01-16 00:00:00.000,99,24.549156823,-389.995081221,439.093394867,false,0.678178336,0.4626108529
,2017-01-16 01:00:00.000,88,35.289447296,-379.254790748,449.83368534,false,0.6283643849,0.3275244806
,2017-01-16 02:00:00.000,89,32.366504324,-382.17773372,446.910742369,false,0.6375434612,0.3519002421
,2017-01-16 03:00:00.000,92,10.018471563,-404.525766481,424.562709608,false,0.6947654045,0.5094038318
,2017-01-16 04:00:00.000,67,48.971694815,-365.572543229,463.515932859,false,0.5445967911,0.1120214262
,2017-01-16 05:00:00.000,60,38.646772894,-375.89746515,453.191010939,false,0.5527772834,0.1326812993
,2017-01-16 06:00:00.000,82,22.655225858,-391.889012186,437.199463903,false,0.6438419013,0.3687471546
,2017-01-16 07:00:00.000,83,14.492731037,-400.051507007,429.036969081,false,0.6648293403,0.4256796132
,2017-01-16 08:00:00.000,72,42.67225021,-371.871987834,457.216488254,false,0.5722997184,0.1822321248
,2017-01-16 09:00:00.000,78,13.919139179,-400.625098865,428.463377223,false,0.6547495877,0.3981754996
,2017-01-16 10:00:00.000,64,36.061099923,-378.483138121,450.605337967,false,0.568910992,0.1736023105
,2017-01-16 11:00:00.000,10,9.499956173,-405.044281871,424.044194217,false,0.5012395488,0.003107093103
,2017-01-16 12:00:00.000,3,29.236263982,-385.307974063,443.780502026,false,0.4352502651,-0.1630227401
,2017-01-16 13:00:00.000,72,-1.05605304,-415.600291085,413.488185004,false,0.675065479,0.453944127
,2017-01-16 14:00:00.000,76,31.24538331,-383.298854734,445.789621354,false,0.6095280363,0.278089146
,2017-01-16 15:00:00.000,88,23.061718783,-391.482519261,437.605956828,false,0.6567109604,0.4035032026
,2017-01-16 16:00:00.000,96,32.587225339,-381.957012705,447.131463383,false,0.6532184328,0.3940242517
,2017-01-16 17:00:00.000,115,23.723026311,-390.821211733,438.267264355,false,0.7146980733,0.5671623967
,2017-01-16 18:00:00.000,114,37.801290239,-376.742947806,452.345528283,false,0.6820615744,0.4734714693
,2017-01-16 19:00:00.000,127,28.553651934,-385.990586111,443.097889978,false,0.7296352834,0.6117103192
,2017-01-16 20:00:00.000,129,43.067223895,-371.477014149,457.611461939,false,0.703313828,0.5339554685
,2017-01-16 21:00:00.000,130,61.771539922,-352.772698122,476.315777966,false,0.6641978379,0.4239471947
,2017-01-16 22:00:00.000,121,56.46670649,-358.077531554,471.010944535,false,0.6557850619,0.4009867542
,2017-01-16 23:00:00.000,116,89.447255048,-325.096982996,503.991493092,false,0.5655237742,0.1649892394
,2017-01-17 00:00:00.000,118,53.08504902,-361.459189024,467.629287064,false,0.6566576474,0.4033582369
,2017-01-17 01:00:00.000,116,40.592493925,-373.951744119,455.136731969,false,0.6803062017,0.4685552132
,2017-01-17 02:00:00.000,111,83.023442825,-331.520795219,497.567680869,false,0.5690029416,0.1738362982
,2017-01-17 03:00:00.000,108,69.105563113,-345.438674931,483.649801157,false,0.5954844208,0.2416760893
,2017-01-17 04:00:00.000,117,48.236138979,-366.308099066,462.780377023,false,0.6654101103,0.4272739843
,2017-01-17 05:00:00.000,124,67.243331367,-347.300906677,481.787569411,false,0.6378304222,0.3526655947
,2017-01-17 06:00:00.000,109,65.029068936,-349.515169109,479.57330698,false,0.6076577945,0.2732196044
,2017-01-17 07:00:00.000,123,83.662538316,-330.881699728,498.206776361,false,0.5965506641,0.2444288866
,2017-01-17 08:00:00.000,107,78.48304802,-336.061190024,493.027286064,false,0.5703220421,0.1771941178
,2017-01-17 09:00:00.000,104,68.419157666,-346.125080378,482.96339571,false,0.5874874983,0.2210866005
,2017-01-17 10:00:00.000,138,63.806174435,-350.73806361,478.350412479,false,0.6776056613,0.4610138376
,2017-01-17 11:00:00.000,158,40.571087287,-373.973150758,455.115325331,false,0.7672013397,0.7296611717
,2017-01-17 12:00:00.000,158,48.674571893,-365.869666151,463.218809937,false,0.7515289597,0.679309023
,2017-01-17 13:00:00.000,160,78.158660194,-336.385577851,492.702898238,false,0.6944601111,0.5085327499
,2017-01-17 14:00:00.000,177,87.980147145,-326.564090899,502.524385189,false,0.7099153552,0.5531374568
,2017-01-17 15:00:00.000,178,62.452955403,-352.091282641,476.997193448,false,0.7636114657,0.7179679178
,2017-01-17 16:00:00.000,166,58.787208178,-355.757029866,473.331446222,false,0.7473525664,0.6661818584
,2017-01-17 17:00:00.000,173,105.656996536,-308.887241508,520.20123458,false,0.6621892085,0.4184452847
,2017-01-17 18:00:00.000,172,84.931640999,-329.612597046,499.475879043,false,0.7057501972,0.5410115735
,2017-01-17 19:00:00.000,185,38.35935964,-376.184878405,452.903597684,false,0.8188977218,0.9111723765
,2017-01-17 20:00:00.000,172,52.521361027,-362.022877017,467.065599072,false,0.7710767137,0.742397436
,2017-01-17 21:00:00.000,186,97.36038387,-317.183854174,511.904621915,false,0.7091059702,0.5507748021
,2017-01-17 22:00:00.000,170,105.357837305,-309.186400739,519.902075349,false,0.6560340549,0.4016632283
,2017-01-17 23:00:00.000,176,103.448038603,-311.096199441,517.992276647,false,0.6739374316,0.4508118822
,2017-01-18 00:00:00.000,140,80.900304701,-333.643933343,495.444542745,false,0.643274151,0.3672243225
,2017-01-18 01:00:00.000,65,51.333312811,-363.210925233,465.877550855,false,0.5338374627,0.08491989543
,2017-01-18 02:00:00.000,28,54.611329731,-359.932908313,469.155567775,false,0.4343329685,-0.1653532642
,2017-01-18 03:00:00.000,55,42.838049185,-371.706188859,457.382287229,false,0.5301193988,0.07557000296
,2017-01-18 04:00:00.000,43,9.791862359,-404.752375685,424.336100404,false,0.5817386852,0.206343464
,2017-01-18 05:00:00.000,34,18.679132834,-395.86510521,433.223370878,false,0.5379213704,0.09519837687
,2017-01-18 06:00:00.000,24,17.731698191,-396.812539854,432.275936235,false,0.5155344673,0.0389489806
,2017-01-18 07:00:00.000,16,36.285270078,-378.258967966,450.829508122,false,0.4498479947,-0.1260453971
,2017-01-18 08:00:00.000,31,16.860528099,-397.683709945,431.404766143,false,0.5350050758,0.08785761016
,2017-01-18 09:00:00.000,25,7.687802622,-406.856435422,422.232040667,false,0.5428323119,0.107571789
,2017-01-18 10:00:00.000,22,24.197241597,-390.346996447,438.741479641,false,0.4945534614,-0.01365287169
,2017-01-18 11:00:00.000,21,62.843517795,-351.700720249,477.387755839,false,0.3974316473,-0.2600006209
,2017-01-18 12:00:00.000,20,73.497008688,-341.047229357,488.041246732,false,0.3697893776,-0.3324112362
,2017-01-18 13:00:00.000,24,75.61801732,-338.926220724,490.162255364,false,0.3742052857,-0.3207358574
,2017-01-18 14:00:00.000,26,79.619247186,-334.924990858,494.16348523,false,0.3695026858,-0.3331707824
,2017-01-18 15:00:00.000,37,59.425701362,-355.118536682,473.969939406,false,0.4445886593,-0.1393452699
,2017-01-18 16:00:00.000,55,51.145814483,-363.398423561,465.690052527,false,0.5095531669,0.02394852729
,2017-01-18 17:00:00.000,61,22.435076543,-392.109161501,436.979314587,false,0.5946909087,0.2396286109
,2017-01-18 18:00:00.000,46,74.581076018,-339.963162026,489.125314062,false,0.4295214833,-0.1775925616
,2017-01-18 19:00:00.000,46,96.441219249,-318.103018796,510.985457293,false,0.376979407,-0.313423656
,2017-01-18 20:00:00.000,50,97.172996879,-317.371241165,511.717234924,false,0.3847167079,-0.2931160936
,2017-01-18 21:00:00.000,51,98.280611364,-316.263626681,512.824849408,false,0.3844611862,-0.2937847715
,2017-01-18 22:00:00.000,53,117.37973898,-297.164499065,531.923977024,false,0.344566245,-0.4000326214
,2017-01-18 23:00:00.000,65,109.807497368,-304.736740676,524.351735412,false,0.3903458563,-0.2784177276
,2017-01-19 00:00:00.000,73,68.329033084,-346.21520496,482.873271128,false,0.5115771613,0.02902371413
,2017-01-19 01:00:00.000,96,47.238109148,-367.306128897,461.782347192,false,0.6190508439,0.3029889113
,2017-01-19 02:00:00.000,97,72.943817055,-341.600420989,487.4880551,false,0.5594111735,0.149476498
,2017-01-19 03:00:00.000,109,88.487913869,-326.056324175,503.032151913,false,0.5507097576,0.1274547507
,2017-01-19 04:00:00.000,102,86.509199569,-328.035038475,501.053437614,false,0.5383406897,0.09625428126
,2017-01-19 05:00:00.000,111,88.951990166,-325.592247878,503.49622821,false,0.554483982,0.1369984301
,2017-01-19 06:00:00.000,124,108.044600627,-306.499637417,522.588838671,false,0.5394868931,0.09914113256
,2017-01-19 07:00:00.000,114,99.492575696,-315.051662348,514.03681374,false,0.5359135817,0.0901439345
,2017-01-19 08:00:00.000,106,102.014243781,-312.529994263,516.558481825,false,0.5098792187,0.02476606047
,2017-01-19 09:00:00.000,92,40.308003018,-374.236235027,454.852241062,false,0.6259688943,0.3211955405
,2017-01-19 10:00:00.000,65,39.357861518,-375.186376526,453.902099563,false,0.5632959734,0.1593310572
,2017-01-19 11:00:00.000,14,43.107564873,-371.436673172,457.651802917,false,0.4282371733,-0.1808639746
,2017-01-19 12:00:00.000,12,40.648588423,-373.895649621,455.192826467,false,0.4293567524,-0.1780120595
,2017-01-19 13:00:00.000,10,38.412273432,-376.131964612,452.956511477,false,0.4299334168,-0.1765436828
,2017-01-19 14:00:00.000,8,27.526117975,-387.01812007,442.070356019,false,0.4517155035,-0.121328298
,2017-01-19 15:00:00.000,6,5.755726336,-408.788511708,420.29996438,false,0.5006055259,0.001517828989
,2017-01-19 16:00:00.000,12,-10.797659044,-425.341897088,403.746579,false,0.5563243246,0.1416564816
,2017-01-19 17:00:00.000,6,-28.477242232,-443.021480276,386.066995812,false,0.5848158466,0.214229225
,2017-01-19 18:00:00.000,10,6.692027737,-407.852210308,421.236265781,false,0.5081995032,0.02055455392
,2017-01-19 19:00:00.000,9,2.99636765,-411.547870394,417.540605694,false,0.5148788591,0.03730441945
,2017-01-19 20:00:00.000,10,8.01666112,-406.527576924,422.560899164,false,0.5049163432,0.01232375688
,2017-01-19 21:00:00.000,9,10.442607602,-404.101630442,424.986845647,false,0.4964239905,-0.008963846544
,2017-01-19 22:00:00.000,9,12.805274204,-401.73896384,427.349512248,false,0.4905680443,-0.02364460992
,2017-01-19 23:00:00.000,8,10.526177879,-404.018060165,425.070415923,false,0.4937381544,-0.01569676384
,2017-01-20 00:00:00.000,5,-17.107024077,-431.651262121,397.437213967,false,0.5546289014,0.1373651234
,2017-01-20 01:00:00.000,9,43.116106742,-371.428131302,457.660344787,false,0.4160592675,-0.2119852585
,2017-01-20 02:00:00.000,9,46.606934224,-367.937303821,461.151172268,false,0.407618257,-0.2336760092
,2017-01-20 03:00:00.000,6,43.701184656,-370.843053388,458.2454227,false,0.4073909292,-0.2342616476
,2017-01-20 04:00:00.000,9,55.137418055,-359.40681999,469.681656099,false,0.3871781488,-0.286681378
,2017-01-20 05:00:00.000,6,57.557675969,-356.986562075,472.101914013,false,0.3743473743,-0.3203609178
,2017-01-20 06:00:00.000,9,69.707416956,-344.836821088,484.251655001,false,0.3530072407,-0.3772141286
,2017-01-20 07:00:00.000,9,82.026335352,-332.517902692,496.570573396,false,0.3250009783,-0.4537594719
,2017-01-20 08:00:00.000,11,91.58462241,-322.959615634,506.128860454,false,0.3082827042,-0.5007239584
,2017-01-20 09:00:00.000,12,95.352026924,-319.19221112,509.896264968,false,0.3022571768,-0.5179196181
,2017-01-20 10:00:00.000,16,78.361682692,-336.182555353,492.905920736,false,0.3491955802,-0.387493143
,2017-01-20 11:00:00.000,17,68.272867618,-346.271370426,482.817105662,false,0.3750182558,-0.3185912208
,2017-01-20 12:00:00.000,14,56.550085652,-357.994152393,471.094323696,false,0.3957393305,-0.2643909803
,2017-01-20 13:00:00.000,29,57.610941771,-356.933296273,472.155179816,false,0.4294486091,-0.1777781367
,2017-01-20 14:00:00.000,31,22.064337745,-392.479900299,436.608575789,false,0.5221390975,0.0555230023
,2017-01-20 15:00:00.000,26,16.147793655,-398.396444389,430.692031699,false,0.524407234,0.06121807875
,2017-01-20 16:00:00.000,25,21.925763787,-392.618474257,436.470001831,false,0.5076202125,0.01910220188
,2017-01-20 17:00:00.000,23,13.362553834,-401.18168421,427.906791879,false,0.5238758434,0.05988363597
,2017-01-20 18:00:00.000,24,17.325859065,-397.218378979,431.870097109,false,0.5165396824,0.04147071945
,2017-01-20 19:00:00.000,37,25.616875441,-388.927362603,440.161113485,false,0.5281939389,0.07073065578
,2017-01-20 20:00:00.000,50,58.577288587,-355.966949457,473.121526631,false,0.4787479552,-0.05329619679
,2017-01-20 21:00:00.000,53,63.666520173,-350.877717872,478.210758217,false,0.4735782758,-0.06627793298
,2017-01-20 22:00:00.000,70,89.346813817,-325.197424228,503.891051861,false,0.452156748,-0.1202141663
,2017-01-20 23:00:00.000,80,68.934700332,-345.609537712,483.478938377,false,0.5274080017,0.06875580582
,2017-01-21 00:00:00.000,86,46.347298744,-368.196939301,460.891536788,false,0.5973089259,0.2463876723
,2017-01-21 01:00:00.000,89,33.092311138,-381.451926907,447.636549182,false,0.6358509547,0.3473903387
,2017-01-21 02:00:00.000,105,58.384184547,-356.160053497,472.928422592,false,0.6139595123,0.289653968
,2017-01-21 03:00:00.000,104,20.090076866,-394.454161178,434.634314911,false,0.6989511134,0.5213861852
,2017-01-21 04:00:00.000,88,17.561983377,-396.982254667,432.106221422,false,0.669189628,0.4376765871
,2017-01-21 05:00:00.000,82,10.019758025,-404.524480019,424.56399607,false,0.6726561194,0.4472594226
,2017-01-21 06:00:00.000,43,-16.938112121,-431.482350165,397.606125923,false,0.6452151075,0.3724339442
,2017-01-21 07:00:00.000,8,-2.358894896,-416.90313294,412.185343149,false,0.5256607821,0.06436645978
,2017-01-21 08:00:00.000,3,-12.144111058,-426.688349103,402.400126986,false,0.5374851707,0.09410007777
,2017-01-21 09:00:00.000,7,-9.939208786,-424.48344683,404.605029259,false,0.5419129367,0.1052541716
,2017-01-21 10:00:00.000,4,-4.260720179,-418.804958223,410.283517865,false,0.5204683815,0.05132915417
,2017-01-21 11:00:00.000,5,4.647054945,-409.897183099,419.19129299,false,0.5008749093,0.002193074058
,2017-01-21 12:00:00.000,9,8.592612931,-405.951625113,423.136850976,false,0.5010098643,0.002531357219
,2017-01-21 13:00:00.000,6,12.464697351,-402.079540694,427.008935395,false,0.4839790716,-0.04016931209
,2017-01-21 14:00:00.000,12,22.959335896,-391.584902148,437.50357394,false,0.472854056,-0.06809738493
,2017-01-21 15:00:00.000,8,25.837709097,-388.706528947,440.381947141,false,0.4558727504,-0.1108371305
,2017-01-21 16:00:00.000,6,31.080358968,-383.463879076,445.624597012,false,0.438079428,-0.1558403607
,2017-01-21 17:00:00.000,8,41.149758554,-373.394479491,455.693996598,false,0.4184029869,-0.2059807173
,2017-01-21 18:00:00.000,6,45.777419444,-368.7668186,460.321657489,false,0.402391184,-0.2471626264
,2017-01-21 19:00:00.000,7,52.746969709,-361.797268335,467.291207754,false,0.3881073803,-0.284255272
,2017-01-21 20:00:00.000,11,88.106957734,-326.437280311,502.651195778,false,0.3159284108,-0.4791149967
,2017-01-21 21:00:00.000,14,88.576440702,-325.967797342,503.120678746,false,0.3215419672,-0.4633912709
,2017-01-21 22:00:00.000,11,80.406114,-334.138124044,494.950352044,false,0.3331379521,-0.4312647141
,2017-01-21 23:00:00.000,11,93.502966647,-321.041271397,508.047204692,false,0.3041002327,-0.5126438619
,2017-01-22 00:00:00.000,7,93.669025458,-320.875212587,508.213263502,false,0.2951055107,-0.538530258
,2017-01-22 01:00:00.000,3,64.596821263,-349.947416781,479.141059307,false,0.3509560658,-0.3827405682
,2017-01-22 02:00:00.000,12,71.154342364,-343.389895681,485.698580408,false,0.3565992259,-0.3675638798
,2017-01-22 03:00:00.000,14,58.910943522,-355.633294522,473.455181567,false,0.390099196,-0.2790605049
,2017-01-22 04:00:00.000,13,49.726702492,-364.817535552,464.270940537,false,0.4097428291,-0.2282065648
,2017-01-22 05:00:00.000,13,55.911540186,-358.632697858,470.455778231,false,0.3948743596,-0.2666369293
,2017-01-22 06:00:00.000,10,47.517282122,-367.026955922,462.061520167,false,0.4078345228,-0.2331189432
,2017-01-22 07:00:00.000,6,22.012562821,-392.531675223,436.556800866,false,0.4603721025,-0.09949632573
,2017-01-22 08:00:00.000,8,35.400202872,-379.144035172,449.944440916,false,0.4324047843,-0.1702550392
,2017-01-22 09:00:00.000,13,24.785905021,-389.758333023,439.330143065,false,0.4708101985,-0.07323338919
,2017-01-22 10:00:00.000,11,22.112753348,-392.431484696,436.656991392,false,0.472474645,-0.06905066598
,2017-01-22 11:00:00.000,18,48.959569744,-365.5846683,463.503807788,false,0.4237255414,-0.1923716691
,2017-01-22 12:00:00.000,19,38.674839227,-375.869398817,453.219077271,false,0.4513495648,-0.1222523986
,2017-01-22 13:00:00.000,24,34.465160731,-380.079077313,449.009398776,false,0.4740763479,-0.06502675759
,2017-01-22 14:00:00.000,22,38.141329802,-376.402908242,452.685567846,false,0.4600544928,-0.1002964376
,2017-01-22 15:00:00.000,39,45.11502905,-369.429208994,459.659267094,false,0.484845197,-0.03799659861
,2017-01-22 16:00:00.000,51,44.259985397,-370.284252647,458.804223442,false,0.5167028338,0.04188003481
,2017-01-22 17:00:00.000,73,55.062429643,-359.481808401,469.606667688,false,0.5443732697,0.1114576325
,2017-01-22 18:00:00.000,78,50.71158568,-363.832652364,465.255823724,false,0.567322076,0.1695604252
,2017-01-22 19:00:00.000,92,42.214631719,-372.329606325,456.758869763,false,0.6214717539,0.3093484331
,2017-01-22 20:00:00.000,78,37.140844792,-377.403393252,451.685082837,false,0.6002074679,0.2538841447
,2017-01-22 21:00:00.000,46,25.704481299,-388.839756745,440.248719344,false,0.5501772093,0.1261090784
,2017-01-22 22:00:00.000,31,20.009812119,-394.534425926,434.554050163,false,0.5272222449,0.06828908811
,2017-01-22 23:00:00.000,42,24.209519217,-390.334718827,438.753757262,false,0.5440108911,0.1105436707
,2017-01-23 00:00:00.000,24,23.201049969,-391.343188075,437.745288013,false,0.5019804966,0.004964389111
,2017-01-23 01:00:00.000,24,34.669876347,-379.874361697,449.214114391,false,0.4735699744,-0.06629878705
,2017-01-23 02:00:00.000,24,25.15511355,-389.389124494,439.699351594,false,0.4971366317,-0.007177461554
,2017-01-23 03:00:00.000,18,34.265436707,-380.278801337,448.809674751,false,0.4597484015,-0.1010675934
,2017-01-23 04:00:00.000,12,24.868559075,-389.675678969,439.412797119,false,0.4681342908,-0.07996061341
,2017-01-23 05:00:00.000,16,15.374139582,-399.170098463,429.918377626,false,0.5015514317,0.003888872303
,2017-01-23 06:00:00.000,15,26.005437905,-388.53880014,440.549675949,false,0.4727400403,-0.06838384629
,2017-01-23 07:00:00.000,18,31.981633482,-382.562604563,446.525871526,false,0.465384697,-0.0868768588
,2017-01-23 08:00:00.000,16,24.898434529,-389.645803515,439.442672574,false,0.4779530442,-0.05529168256
,2017-01-23 09:00:00.000,11,32.735662239,-381.808575805,447.279900283,false,0.4462831611,-0.1350576141
,2017-01-23 10:00:00.000,18,28.250873677,-386.293364367,442.795111721,false,0.4746064417,-0.06369525465
,2017-01-23 11:00:00.000,14,36.137254377,-378.406983667,450.681492422,false,0.4452968658,-0.1375529637
,2017-01-23 12:00:00.000,16,36.969806434,-377.57443161,451.514044478,false,0.4481649907,-0.1302988606
,2017-01-23 13:00:00.000,20,31.532774028,-383.011464017,446.077012072,false,0.4714360363,-0.07166052393
,2017-01-23 14:00:00.000,27,26.71531797,-387.828920075,441.259556014,false,0.5007056935,0.001768912093
,2017-01-23 15:00:00.000,39,32.532899607,-382.011338437,447.077137651,false,0.5160268804,0.04018424374
,2017-01-23 16:00:00.000,47,75.657379206,-338.886858838,490.20161725,false,0.4293353038,-0.1780666823
,2017-01-23 17:00:00.000,46,63.683574196,-350.860663849,478.22781224,false,0.4562525134,-0.1098793914
,2017-01-23 18:00:00.000,54,35.454192229,-379.090045815,449.998430274,false,0.5458713646,0.1152370018
,2017-01-23 19:00:00.000,61,40.198368543,-374.345869501,454.742606587,false,0.5514216188,0.1292538816
,2017-01-23 20:00:00.000,75,56.131781646,-358.412456398,470.676019691,false,0.5466652019,0.1172403456
,2017-01-23 21:00:00.000,92,65.841648549,-348.702589495,480.385886594,false,0.5645591407,0.1625386196
,2017-01-23 22:00:00.000,96,60.946099154,-353.59813889,475.490337198,false,0.5862123489,0.2178123749
,2017-01-23 23:00:00.000,112,61.539940782,-353.004297263,476.084178826,false,0.6230650558,0.3135407208
,2017-01-24 00:00:00.000,110,53.867404062,-360.676833982,468.411642106,false,0.6363756999,0.3487878307
,2017-01-24 01:00:00.000,106,45.789279737,-368.754958307,460.333517782,false,0.6458453941,0.3741278334
,2017-01-24 02:00:00.000,110,38.437436575,-376.10680147,452.981674619,false,0.671718748,0.4446641178
,2017-01-24 03:00:00.000,116,29.513907328,-385.030330716,444.058145372,false,0.7045021112,0.5373935793
,2017-01-24 04:00:00.000,111,20.628898823,-393.915339221,435.173136867,false,0.7127830943,0.5615336296
,2017-01-24 05:00:00.000,103,20.9506832,-393.593554845,435.494921244,false,0.6949129808,0.5098250444
,2017-01-24 06:00:00.000,102,17.384978909,-397.159259135,431.929216954,false,0.7004750901,0.5257674112
,2017-01-24 07:00:00.000,120,11.512492341,-403.031745703,426.056730385,false,0.7498769203,0.6741024857
,2017-01-24 08:00:00.000,69,8.216842015,-406.32739603,422.761080059,false,0.6471676034,0.3776847563
,2017-01-24 09:00:00.000,40,8.082154453,-406.462083591,422.626392498,false,0.5786050148,0.1983260514
,2017-01-24 10:00:00.000,39,17.701017932,-396.843220113,432.245255976,false,0.5526439917,0.13234424
,2017-01-24 11:00:00.000,46,18.220516121,-396.323721923,432.764754166,false,0.5685216944,0.1726117554
,2017-01-24 12:00:00.000,65,18.487321778,-396.056916266,433.031559823,false,0.6137143275,0.2890131102
,2017-01-24 13:00:00.000,77,21.796353732,-392.747884312,436.340591776,false,0.6342066643,0.3430156704
,2017-01-24 14:00:00.000,3,11.943396496,-402.600841548,426.48763454,false,0.4778417598,-0.0555710601
,2017-01-24 15:00:00.000,3,16.589421591,-397.954816453,431.133659635,false,0.4663533843,-0.08443979469
,2017-01-24 16:00:00.000,86,11.322592919,-403.221645125,425.866830963,false,0.6786828044,0.4640186398
,2017-01-24 17:00:00.000,130,18.08566853,-396.458569515,432.629906574,false,0.7565962728,0.6953955405
,2017-01-24 18:00:00.000,132,29.530700129,-385.013537916,444.074938173,false,0.7378423062,0.6367074997
,2017-01-24 19:00:00.000,137,26.962634174,-387.581603871,441.506872218,false,0.7529280301,0.6837327488
,2017-01-24 20:00:00.000,134,55.097196086,-359.447041958,469.64143413,false,0.6880298971,0.4902737411
,2017-01-24 21:00:00.000,130,51.600073542,-362.944164502,466.144311587,false,0.6869236425,0.4871490409
,2017-01-24 22:00:00.000,136,19.926317776,-394.617920269,434.47055582,false,0.7646191458,0.7212402552
,2017-01-24 23:00:00.000,151,23.825940881,-390.718297164,438.370178925,false,0.7852986047,0.7902140184
,2017-01-25 00:00:00.000,152,18.571041499,-395.973196545,433.115279543,false,0.796470351,0.8290797211
,2017-01-25 01:00:00.000,153,28.062734921,-386.481503123,442.606972966,false,0.7812186035,0.776315382
,2017-01-25 02:00:00.000,175,31.929136627,-382.615101417,446.473374671,false,0.8129960583,0.8889910618
,2017-01-25 03:00:00.000,196,36.382216685,-378.162021359,450.92645473,false,0.8393543275,0.9918076912
,2017-01-25 04:00:00.000,207,31.474285266,-383.069952778,446.01852331,false,0.8622873931,1.090653875
,2017-01-25 05:00:00.000,189,46.045286025,-368.498952019,460.589524069,false,0.8128020591,0.8882693511
,2017-01-25 06:00:00.000,223,46.763387451,-367.780850594,461.307625495,false,0.8632572642,1.095071139
,2017-01-25 07:00:00.000,217,43.739292974,-370.80494507,458.283531019,false,0.8591660125,1.076579929
,2017-01-25 08:00:00.000,192,42.551968376,-371.992269668,457.09620642,false,0.823456066,0.9286164995
,2017-01-25 09:00:00.000,159,50.45145119,-364.092786854,464.995689234,false,0.7499974652,0.6744817735
,2017-01-25 10:00:00.000,167,46.236582798,-368.307655246,460.780820843,false,0.7734872404,0.7503805873
,2017-01-25 11:00:00.000,169,50.544552375,-363.999685669,465.088790419,false,0.7691467286,0.7360396917
,2017-01-25 12:00:00.000,159,70.913842292,-343.630395752,485.458080337,false,0.7079259769,0.5473358099
,2017-01-25 13:00:00.000,156,96.553973307,-317.990264737,511.098211352,false,0.6440763702,0.3693763017
,2017-01-25 14:00:00.000,,59.131121089,-355.413116955,473.675359133,true,,
,2017-01-25 15:00:00.000,172,45.312777333,-369.231460711,459.857015377,false,0.7844143796,0.7871889911
,2017-01-25 16:00:00.000,186,65.038526275,-349.50571177,479.582764319,false,0.7738575589,0.7516112396
,2017-01-25 17:00:00.000,206,73.699073872,-340.845164173,488.243311916,false,0.7944816222,0.8220705322
,2017-01-25 18:00:00.000,204,106.484716131,-308.059521913,521.028954175,false,0.7277177279,0.60592502
,2017-01-25 19:00:00.000,210,125.526058227,-289.018179818,540.070296271,false,0.7001704456,0.5248907948
,2017-01-25 20:00:00.000,241,131.057036908,-283.487201136,545.601274953,false,0.7527427564,0.6831461641
,2017-01-25 21:00:00.000,244,139.972150219,-274.572087825,554.516388263,false,0.7409871656,0.6463917702
,2017-01-25 22:00:00.000,261,135.01879107,-279.525446975,549.563029114,false,0.7831283255,0.7828020749
,2017-01-25 23:00:00.000,275,136.546797508,-277.997440536,551.091035552,false,0.8051877602,0.8602985723
,2017-01-26 00:00:00.000,281,87.461205683,-327.083032362,502.005443727,false,0.885430689,1.202580695
,2017-01-26 01:00:00.000,305,126.703734964,-287.84050308,541.247973008,false,0.8660408199,1.107869081
,2017-01-26 02:00:00.000,336,92.817495912,-321.726742132,507.361733956,false,0.9346120053,1.511048913
,2017-01-26 03:00:00.000,366,139.905166682,-274.639071362,554.449404726,false,0.9199703654,1.404872251
,2017-01-26 04:00:00.000,369,125.880652961,-288.663585083,540.424891005,false,0.9345620017,1.510656477
,2017-01-26 05:00:00.000,325,136.844751967,-277.699486077,551.388990012,false,0.8788242232,1.169129268
,2017-01-26 06:00:00.000,318,82.9417958,-331.602442244,497.486033845,false,0.9279329044,1.460567425
,2017-01-26 07:00:00.000,312,77.110310391,-337.433927653,491.654548435,false,0.9277890262,1.459520336
,2017-01-26 08:00:00.000,289,141.165814494,-273.37842355,555.710052539,false,0.8208446115,0.9185886382
,2017-01-26 09:00:00.000,272,97.774699896,-316.769538148,512.318937941,false,0.8605011268,1.082573565
,2017-01-26 10:00:00.000,289,146.560602354,-267.98363569,561.104840398,false,0.8119398489,0.8850673602
,2017-01-26 11:00:00.000,299,135.209295326,-279.334942718,549.75353337,false,0.8455984562,1.017736729
,2017-01-26 12:00:00.000,286,125.660361075,-288.883876969,540.204599119,false,0.8404461085,0.9962930432
,2017-01-26 13:00:00.000,205,118.620254124,-295.923983921,533.164492168,false,0.7042738946,0.5367327784
,2017-01-26 14:00:00.000,107,88.275093215,-326.269144829,502.819331259,false,0.5463123639,0.1163498589
,2017-01-26 15:00:00.000,59,111.518715101,-303.025522943,526.062953146,false,0.3720864119,-0.3263324705
,2017-01-26 16:00:00.000,13,62.476861406,-352.067376639,477.02109945,false,0.3792574843,-0.307431482
,2017-01-26 17:00:00.000,9,17.075414445,-397.468823599,431.619652489,false,0.4799903787,-0.05017773076
,2017-01-26 18:00:00.000,18,4.933689437,-409.610548607,419.477927482,false,0.5323543235,0.08118937027
,2017-01-26 19:00:00.000,9,14.236104656,-400.308133388,428.780342701,false,0.4870225918,-0.03253527748
,2017-01-26 20:00:00.000,13,-6.720982768,-421.265220812,407.823255276,false,0.5487639661,0.122539118
,2017-01-26 21:00:00.000,9,7.302064385,-407.24217366,421.846302429,false,0.5042089079,0.0105503633
,2017-01-26 22:00:00.000,4,12.952394214,-401.59184383,427.496632258,false,0.4778194899,-0.0556269687
,2017-01-26 23:00:00.000,11,66.539338502,-348.004899543,481.083576546,false,0.3650090173,-0.3451015416
,2017-01-27 00:00:00.000,8,51.387924583,-363.156313461,465.932162627,false,0.39373515,-0.2695970111
,2017-01-27 01:00:00.000,11,87.258213249,-327.286024795,501.802451293,false,0.3178065752,-0.4738412027
,2017-01-27 02:00:00.000,8,78.582978634,-335.961259411,493.127216678,false,0.3304839135,-0.4385773291
,2017-01-27 03:00:00.000,6,46.557733449,-367.986504595,461.101971493,false,0.4005161965,-0.2520112179
,2017-01-27 04:00:00.000,3,52.716790755,-361.82744729,467.261028799,false,0.37869031,-0.308922317
,2017-01-27 05:00:00.000,5,20.213852451,-394.330385594,434.758090495,false,0.4623427157,-0.09453342579
,2017-01-27 06:00:00.000,3,62.075153645,-352.469084399,476.61939169,false,0.3567827198,-0.3670718295
,2017-01-27 07:00:00.000,7,56.980673197,-357.563564848,471.524911241,false,0.3780668142,-0.3105619879
,2017-01-27 08:00:00.000,12,58.600921119,-355.943316925,473.145159163,false,0.3860758927,-0.2895614199
,2017-01-27 09:00:00.000,20,47.785454213,-366.758783831,462.329692258,false,0.4314637247,-0.1726488529
,2017-01-27 10:00:00.000,30,24.648768354,-389.895469691,439.193006398,false,0.5132626404,0.03325063532
,2017-01-27 11:00:00.000,43,33.97712534,-380.567112705,448.521363384,false,0.5223549507,0.05606490893
,2017-01-27 12:00:00.000,48,27.880073168,-386.664164876,442.424311212,false,0.5497453552,0.1250180134
,2017-01-27 13:00:00.000,46,193.861806182,-220.682431863,608.406044226,false,0.1791104906,-0.9187602632
,2017-01-27 14:00:00.000,38,204.491845562,-210.052392482,619.036083606,false,0.1504464141,-1.03452065
,2017-01-27 15:00:00.000,48,153.944963003,-260.599275041,568.489201047,false,0.2551713962,-0.6583040246
,2017-01-27 16:00:00.000,58,97.935336155,-316.608901889,512.479574199,false,0.402011549,-0.2481438642
,2017-01-27 17:00:00.000,58,82.301207996,-332.243030048,496.84544604,false,0.439988254,-0.1509989958
,2017-01-27 18:00:00.000,73,78.903449757,-335.640788287,493.447687802,false,0.4853693121,-0.03668192072
,2017-01-27 19:00:00.000,106,91.478004939,-323.066233105,506.022242984,false,0.5359495543,0.09023447196
,2017-01-27 20:00:00.000,173,75.015860114,-339.52837793,489.560098158,false,0.7286841955,0.6088383232
,2017-01-27 21:00:00.000,276,89.504218749,-325.040019296,504.048456793,false,0.8767347976,1.158817936
,2017-01-27 22:00:00.000,321,72.046644732,-342.497593312,486.590882777,false,0.9390571531,1.546906913
,2017-01-27 23:00:00.000,380,124.532352113,-290.011885931,539.076590158,false,0.943787194,1.587384393
,2017-01-28 00:00:00.000,447,83.253357704,-331.290880341,497.797595748,false,0.9880953082,2.260191252
,2017-01-28 01:00:00.000,804,129.369184779,-285.175053266,543.913422823,true,0.9999861695,4.191914067
,2017-01-28 02:00:00.000,730,133.577522915,-280.966715129,548.121760959,true,0.9998947024,3.705955487
,2017-01-28 03:00:00.000,823,73.357837499,-341.186400545,487.902075543,true,0.9999984036,4.658007692
,2017-01-28 04:00:00.000,681,34.428835785,-380.115402259,448.973073829,true,0.9999705982,4.017561454
,2017-01-28 05:00:00.000,621,11.30084021,-403.243397834,425.845078255,true,0.9999242056,3.788452035
,2017-01-28 06:00:00.000,550,62.898958381,-351.645279663,477.443196425,true,0.9987636865,3.026671273
,2017-01-28 07:00:00.000,654,60.879959129,-353.664278916,475.424197173,true,0.999885844,3.685435333
,2017-01-28 08:00:00.000,469,66.03926487,-348.504973175,480.583502914,false,0.9938575567,2.503853568
,2017-01-28 09:00:00.000,363,47.646357501,-366.897880543,462.190595546,false,0.9749725482,1.959494497
,2017-01-28 10:00:00.000,322,18.081977467,-396.462260578,432.626215511,false,0.9705163898,1.888437654
,2017-01-28 11:00:00.000,302,23.710373313,-390.833864731,438.254611357,false,0.9581126301,1.729191988
,2017-01-28 12:00:00.000,279,-8.869338693,-423.413576737,405.674899351,false,0.9631697889,1.788716885
,2017-01-28 13:00:00.000,263,90.051300469,-324.492937575,504.595538514,false,0.8587323066,1.074641226
,2017-01-28 14:00:00.000,264,125.730850855,-288.813387189,540.275088899,false,0.8048724776,0.8591549308
,2017-01-28 15:00:00.000,248,89.808665404,-324.73557264,504.352903449,false,0.8371825612,0.9829442502
,2017-01-28 16:00:00.000,242,61.082222461,-353.462015583,475.626460505,false,0.869527045,1.12415822
,2017-01-28 17:00:00.000,255,85.73112539,-328.813112654,500.275363435,false,0.8535488596,1.051776113
,2017-01-28 18:00:00.000,257,127.603645795,-286.940592249,542.14788384,false,0.7893080279,0.8040225634
,2017-01-28 19:00:00.000,247,132.030791053,-282.513446991,546.575029097,false,0.7625030953,0.7143774542
,2017-01-28 20:00:00.000,247,133.590203603,-280.954034441,548.134441647,false,0.7594977347,0.7046878235
,2017-01-28 21:00:00.000,269,176.583462321,-237.960775723,591.127700365,false,0.7170983933,0.5742432388
,2017-01-28 22:00:00.000,258,157.026986492,-257.517251552,571.571224536,false,0.7348047797,0.6274101126
,2017-01-28 23:00:00.000,264,191.170726406,-223.373511638,605.714964451,false,0.6745581938,0.4525350008
,2017-01-29 00:00:00.000,279,181.61690473,-232.927333314,596.161142775,false,0.7274449346,0.6051036474
,2017-01-29 01:00:00.000,280,175.003655671,-239.540582373,589.547893715,false,0.742931529,0.6524096482
,2017-01-29 02:00:00.000,226,116.518565092,-298.025672952,531.062803137,false,0.7518358986,0.6802783934
,2017-01-29 03:00:00.000,38,101.387966732,-313.156271313,515.932204776,false,0.3468384717,-0.3938701041
,2017-01-29 04:00:00.000,8,100.324073964,-314.22016408,514.868312009,false,0.2830960056,-0.5736687024
,2017-01-29 05:00:00.000,7,104.660828269,-309.883409775,519.205066313,false,0.2719820739,-0.6068293807
,2017-01-29 06:00:00.000,13,110.152735852,-304.391502192,524.696973896,false,0.2730307747,-0.6036722766
,2017-01-29 07:00:00.000,10,127.734953887,-286.809284157,542.279191932,false,0.2322177298,-0.7315628019
,2017-01-29 08:00:00.000,12,140.037788503,-274.506449541,554.582026547,false,0.2131378292,-0.7955809231
,2017-01-29 09:00:00.000,12,136.717152137,-277.827085908,551.261390181,false,0.2191852884,-0.774947679
,2017-01-29 10:00:00.000,9,138.412729518,-276.131508527,552.956967562,false,0.210662592,-0.8041243138
,2017-01-29 11:00:00.000,7,139.130548412,-275.413689632,553.674786457,false,0.2058197546,-0.8210118662
,2017-01-29 12:00:00.000,16,133.272314382,-281.271923663,547.816552426,false,0.2330962289,-0.7286881258
,2017-01-29 13:00:00.000,12,150.271602923,-264.272635121,564.815840968,false,0.195123317,-0.8591701777
,2017-01-29 14:00:00.000,13,182.783922343,-231.760315702,597.328160387,false,0.1457180512,-1.054976435
,2017-01-29 15:00:00.000,16,175.661565725,-238.882672319,590.205803769,false,0.1605793145,-0.9920797394
,2017-01-29 16:00:00.000,11,170.773952372,-243.770285672,585.318190416,false,0.1604090597,-0.9927780697
,2017-01-29 17:00:00.000,16,175.004926082,-239.539311962,589.549164127,false,0.1615764181,-0.987999616
,2017-01-29 18:00:00.000,18,177.497457902,-237.046780142,592.041695947,false,0.1608281338,-0.9910600322
,2017-01-29 19:00:00.000,19,182.469802162,-232.074435882,597.014040207,false,0.1548759511,-1.015742756
,2017-01-29 20:00:00.000,3,186.353762345,-228.1904757,600.898000389,false,0.127290159,-1.139294557
,2017-01-29 21:00:00.000,12,162.076789638,-252.467448406,576.621027683,false,0.1755330558,-0.9325233764
,2017-01-29 22:00:00.000,12,169.623831022,-244.920407022,584.168069066,false,0.1636867468,-0.9794179864
,2017-01-29 23:00:00.000,5,177.927841094,-236.616396951,592.472079138,false,0.14129672,-1.074511619
,2017-01-30 00:00:00.000,8,181.839154939,-232.705083105,596.383392983,false,0.1400323082,-1.080174197
,2017-01-30 01:00:00.000,6,181.222889701,-233.321348344,595.767127745,false,0.1381271706,-1.088772229
,2017-01-30 02:00:00.000,9,185.199293574,-229.344944471,599.743531618,false,0.1367935333,-1.094839252
,2017-01-30 03:00:00.000,9,174.649499399,-239.894738645,589.193737443,false,0.1516725061,-1.029286613
,2017-01-30 04:00:00.000,9,173.990191993,-240.554046052,588.534430037,false,0.1526367934,-1.025189913
,2017-01-30 05:00:00.000,9,175.518195515,-239.02604253,590.062433559,false,0.1504081667,-1.034684379
,2017-01-30 06:00:00.000,6,185.507617775,-229.036620269,600.051855819,false,0.1323403829,-1.115395993
,2017-01-30 07:00:00.000,9,191.763235789,-222.781002255,606.307473834,false,0.1280567212,-1.135625236
,2017-01-30 08:00:00.000,7,193.100416658,-221.443821386,607.644654702,false,0.1237667057,-1.156361282
,2017-01-30 09:00:00.000,10,183.847820529,-230.696417516,598.392058573,false,0.1400203221,-1.080228042
,2017-01-30 10:00:00.000,9,190.602794513,-223.941443531,605.147032557,false,0.1295724175,-1.12841467
,2017-01-30 11:00:00.000,9,187.556644482,-226.987593562,602.100882527,false,0.1336100778,-1.109486986
,2017-01-30 12:00:00.000,9,188.279058848,-226.265179196,602.823296892,false,0.1326447822,-1.11397581
,2017-01-30 13:00:00.000,10,188.258965443,-226.285272601,602.803203488,false,0.1340092406,-1.107637315
,2017-01-30 14:00:00.000,17,155.763419911,-258.780818133,570.307657956,false,0.1942815406,-0.8622261522
,2017-01-30 15:00:00.000,9,138.472701339,-276.071536705,553.016939383,false,0.210555013,-0.8044969572
,2017-01-30 16:00:00.000,6,125.134594392,-289.409643652,539.678832436,false,0.2295712248,-0.7402596663
,2017-01-30 17:00:00.000,73,122.245171138,-292.299066906,536.789409182,false,0.3798054287,-0.3059918417
,2017-01-30 18:00:00.000,112,114.94061772,-299.603620325,529.484855764,false,0.4927109544,-0.01827194446
,2017-01-30 19:00:00.000,72,109.027988545,-305.516249499,523.572226589,false,0.409015328,-0.2300786483
,2017-01-30 20:00:00.000,64,116.162388558,-298.381849486,530.706626602,false,0.3729242042,-0.3241183851
,2017-01-30 21:00:00.000,77,119.561946649,-294.982291396,534.106184693,false,0.3957109386,-0.2644646803
,2017-01-30 22:00:00.000,81,105.045918037,-309.498320007,519.590156081,false,0.4406139894,-0.1494127155
,2017-01-30 23:00:00.000,88,96.611575074,-317.932662971,511.155813118,false,0.4786630841,-0.05350924072
,2017-01-31 00:00:00.000,111,79.585263859,-334.958974185,494.129501904,false,0.5773817752,0.1951999099
,2017-01-31 01:00:00.000,119,50.233056816,-364.311181228,464.777294861,false,0.6654170841,0.4272931357
,2017-01-31 02:00:00.000,109,25.871950247,-388.672287797,440.416188291,false,0.6972571225,0.5165279043
,2017-01-31 03:00:00.000,102,16.315190703,-398.229047341,430.859428747,false,0.702780594,0.5324146916
,2017-01-31 04:00:00.000,106,43.084133146,-371.460104898,457.628371191,false,0.6520779667,0.3909366447
,2017-01-31 05:00:00.000,107,43.615121855,-370.929116189,458.159359899,false,0.6531544434,0.3938509127
,2017-01-31 06:00:00.000,115,46.919176757,-367.625061287,461.463414801,false,0.6638632523,0.4230298323
,2017-01-31 07:00:00.000,112,22.14272111,-392.401516935,436.686959154,false,0.7116941969,0.5583409221
,2017-01-31 08:00:00.000,113,21.688110884,-392.856127161,436.232348928,false,0.7147717613,0.5673793486
,2017-01-31 09:00:00.000,127,9.507775292,-405.036462752,424.052013336,false,0.7673215854,0.7300545697
,2017-01-31 10:00:00.000,137,-4.28488553,-418.829123574,410.259352515,false,0.8099992783,0.8778936357
,2017-01-31 11:00:00.000,137,-11.624491521,-426.168729566,402.919746523,false,0.8221264718,0.9234993165
,2017-01-31 12:00:00.000,116,-17.018716793,-431.562954838,397.525521251,false,0.7957484238,0.8265306261
,2017-01-31 13:00:00.000,103,-7.85996174,-422.404199784,406.684276305,false,0.7545392988,0.688844065
,2017-01-31 14:00:00.000,100,6.711534703,-407.832703341,421.255772747,false,0.7189284044,0.5796610845
,2017-01-31 15:00:00.000,88,-24.554762127,-439.099000172,389.989475917,false,0.7578411299,0.6993749471
,2017-01-31 16:00:00.000,78,-47.990620886,-462.534858931,366.553617158,false,0.7831454992,0.7828605574
,2017-01-31 17:00:00.000,76,-5.476399996,-420.02063804,409.067838048,false,0.6936647359,0.5062651447
,2017-01-31 18:00:00.000,83,-5.70422095,-420.248458994,408.840017094,false,0.7092435647,0.5511762333
,2017-01-31 19:00:00.000,104,22.922753932,-391.621484113,437.466991976,false,0.692793746,0.5037849453
,2017-01-31 20:00:00.000,112,25.996592833,-388.547645211,440.540830878,false,0.7034656345,0.5343943446
,2017-01-31 21:00:00.000,121,16.417609309,-398.126628735,430.961847353,false,0.7421013997,0.6498374886
,2017-01-31 22:00:00.000,37,-15.244945743,-429.789183787,399.299292301,false,0.6272699573,0.3246313659
,2017-01-31 23:00:00.000,11,17.795944936,-396.748293108,432.340182981,false,0.4831586439,-0.04222756586
,2017-02-01 00:00:00.000,10,4.649333013,-409.894905031,419.193571058,false,0.5132612414,0.03324712673
,2017-02-01 01:00:00.000,9,-6.198339069,-420.742577114,408.345898975,false,0.5376189997,0.0944370312
,2017-02-01 02:00:00.000,12,29.615854197,-384.928383847,444.160092241,false,0.456419377,-0.1094586037
,2017-02-01 03:00:00.000,9,32.537879836,-382.006358208,447.08211788,false,0.44185967,-0.1462559482
,2017-02-01 04:00:00.000,9,47.216767208,-367.327470837,461.761005252,false,0.4061479208,-0.2374652928
,2017-02-01 05:00:00.000,5,61.827855235,-352.71638281,476.372093279,false,0.3620037668,-0.3531079227
,2017-02-01 06:00:00.000,8,48.433486684,-366.11075136,462.977724728,false,0.4008145922,-0.251239193
,2017-02-01 07:00:00.000,5,59.697757312,-354.846480732,474.241995357,false,0.3669763647,-0.3398722578
,2017-02-01 08:00:00.000,5,37.994391189,-376.549846856,452.538629233,false,0.4187800778,-0.2050153201
,2017-02-01 09:00:00.000,4,37.479841898,-377.064396147,452.024079942,false,0.4176020935,-0.2080317368
,2017-02-01 10:00:00.000,12,32.20616577,-382.338072275,446.750403814,false,0.4500425396,-0.1255538713
,2017-02-01 11:00:00.000,11,36.37431885,-378.169919194,450.918556894,false,0.4373596334,-0.157666922
,2017-02-01 12:00:00.000,10,45.658841663,-368.885396381,460.203079707,false,0.4123238287,-0.2215712603
,2017-02-01 13:00:00.000,12,71.230229879,-343.314008165,485.774467924,false,0.3564234127,-0.3680354176
,2017-02-01 14:00:00.000,18,67.627883235,-346.916354809,482.172121279,false,0.3789004501,-0.3083698775
,2017-02-01 15:00:00.000,16,47.686908169,-366.857329875,462.231146213,false,0.4219563834,-0.1968910893
,2017-02-01 16:00:00.000,16,51.280418375,-363.263819669,465.82465642,false,0.4132393875,-0.2192198737
,2017-02-01 17:00:00.000,35,49.610537233,-364.933700812,464.154775277,false,0.4638318571,-0.09078464128
,2017-02-01 18:00:00.000,65,36.806170559,-377.738067485,451.350408603,false,0.5695333953,0.1751863502
,2017-02-01 19:00:00.000,72,47.12533513,-367.418902914,461.669573174,false,0.5614167843,0.1545622513
,2017-02-01 20:00:00.000,104,46.003294308,-368.540943737,460.547532352,false,0.6407150478,0.3603707405
,2017-02-01 21:00:00.000,142,70.656106985,-343.88813106,485.200345029,false,0.6712275669,0.4433053783
,2017-02-01 22:00:00.000,145,50.385792459,-364.158445585,464.930030503,false,0.7216998795,0.5878987716
,2017-02-01 23:00:00.000,160,89.517914963,-325.026323081,504.062153007,false,0.6692888849,0.4379504124
,2017-02-02 00:00:00.000,163,90.91627276,-323.627965284,505.460510804,false,0.6728881974,0.447902443
,2017-02-02 01:00:00.000,191,76.819415502,-337.724822542,491.363653547,false,0.7609858099,0.7094772245
,2017-02-02 02:00:00.000,198,93.086468654,-321.45776939,507.630706698,false,0.7427655698,0.651895078
,2017-02-02 03:00:00.000,185,98.345139002,-316.199099043,512.889377046,false,0.7048641161,0.5384422452
,2017-02-02 04:00:00.000,136,99.149060095,-315.39517795,513.693298139,false,0.5905571989,0.2289785315
,2017-02-02 05:00:00.000,70,79.580114722,-334.964123323,494.124352766,false,0.4762660215,-0.05952739893
,2017-02-02 06:00:00.000,46,85.219276434,-329.32496161,499.763514479,false,0.4037337067,-0.2436945258
,2017-02-02 07:00:00.000,38,82.961256969,-331.582981076,497.505495013,false,0.389979243,-0.2793731346
,2017-02-02 08:00:00.000,26,63.320455728,-351.223782316,477.864693772,false,0.4083094211,-0.2318959345
,2017-02-02 09:00:00.000,37,57.108415408,-357.435822636,471.652653453,false,0.4502829583,-0.1249464856
,2017-02-02 10:00:00.000,51,58.277868759,-356.266369286,472.822106803,false,0.4819651524,-0.04522206774
,2017-02-02 11:00:00.000,57,55.181312906,-359.362925139,469.72555095,false,0.504508219,0.0113006697
,2017-02-02 12:00:00.000,62,47.996182151,-366.548055894,462.540420195,false,0.534670088,0.0870147045
,2017-02-02 13:00:00.000,63,62.126285439,-352.417952605,476.670523484,false,0.5021658267,0.0054289491
,2017-02-02 14:00:00.000,71,44.501147348,-370.043090697,459.045385392,false,0.5653919837,0.164654372
,2017-02-02 15:00:00.000,76,42.926707575,-371.61753047,457.470945619,false,0.5814114322,0.2055055841
,2017-02-02 16:00:00.000,89,58.343571698,-356.200666346,472.887809743,false,0.5755366494,0.1904880568
,2017-02-02 17:00:00.000,102,76.111048432,-338.433189613,490.655286476,false,0.5639000036,0.1608646653
,2017-02-02 18:00:00.000,121,97.490521214,-317.05371683,512.034759258,false,0.5580706751,0.1460794743
,2017-02-02 19:00:00.000,143,121.832631235,-292.711606809,536.37686928,false,0.5523205648,0.1315264421
,2017-02-02 20:00:00.000,153,139.775549114,-274.768688931,554.319787158,false,0.5327450296,0.08217199756
,2017-02-02 21:00:00.000,163,147.755207616,-266.789030428,562.299445661,false,0.5377336382,0.09472567544
,2017-02-02 22:00:00.000,179,154.196736615,-260.34750143,568.740974659,false,0.5612418839,0.154118588
,2017-02-02 23:00:00.000,188,169.332231043,-245.212007001,583.876469087,false,0.5461716784,0.1159948249
,2017-02-03 00:00:00.000,198,157.61057182,-256.933666224,572.154809864,false,0.5990795813,0.2509654293
,2017-02-03 01:00:00.000,218,136.250953785,-278.29328426,550.795191829,false,0.6942590465,0.5079592706
,2017-02-03 02:00:00.000,245,150.260338914,-264.283899131,564.804576958,false,0.7219614496,0.588678295
,2017-02-03 03:00:00.000,240,187.673979557,-226.870258487,602.218217602,false,0.6274606008,0.325135135
,2017-02-03 04:00:00.000,177,163.162638943,-251.381599101,577.706876988,false,0.5342590016,0.08598040166
,2017-02-03 05:00:00.000,193,121.519883243,-293.024354802,536.064121287,false,0.6715335898,0.4441518238
,2017-02-03 06:00:00.000,116,96.013887824,-318.53035022,510.558125868,false,0.5494162092,0.1241865371
,2017-02-03 07:00:00.000,81,87.069032691,-327.475205353,501.613270736,false,0.484959135,-0.03771079372
,2017-02-03 08:00:00.000,79,100.198076397,-314.346161647,514.742314441,false,0.4476039711,-0.1317172484
,2017-02-03 09:00:00.000,90,103.109041397,-311.435196647,517.653279441,false,0.4675401013,-0.08145488436
,2017-02-03 10:00:00.000,84,93.089570276,-321.454667768,507.633808321,false,0.4774799801,-0.05647933158
,2017-02-03 11:00:00.000,66,72.938947226,-341.605290818,487.48318527,false,0.4828044804,-0.04311613082
,2017-02-03 12:00:00.000,91,104.766019234,-309.778218811,519.310257278,false,0.4659171974,-0.08553710915
,2017-02-03 13:00:00.000,115,103.401613973,-311.142624071,517.945852018,false,0.5287261888,0.07206821338
,2017-02-03 14:00:00.000,143,94.293588895,-320.25064915,508.837826939,false,0.6189194792,0.30264418
,2017-02-03 15:00:00.000,201,106.124834325,-308.41940372,520.669072369,false,0.7222438413,0.5895202719
,2017-02-03 16:00:00.000,232,115.064310664,-299.47992738,529.608548708,false,0.7662634008,0.7265964584
,2017-02-03 17:00:00.000,241,117.255082521,-297.289155523,531.799320566,false,0.779025609,0.7689065614
,2017-02-03 18:00:00.000,251,104.797836205,-309.746401839,519.342074249,false,0.8181791701,0.9084478403
,2017-02-03 19:00:00.000,264,113.693417907,-300.850820137,528.237655951,false,0.8248354731,0.9339512244
,2017-02-03 20:00:00.000,296,119.759900713,-294.784337331,534.304138757,false,0.8632620096,1.095092804
,2017-02-03 21:00:00.000,321,118.653692709,-295.890545336,533.197930753,false,0.8956788315,1.257307423
,2017-02-03 22:00:00.000,332,121.499850976,-293.044387068,536.04408902,false,0.904558677,1.307972473
,2017-02-03 23:00:00.000,318,123.58890768,-290.955330364,538.133145725,false,0.8864765307,1.208000842
,2017-02-04 00:00:00.000,317,132.777683164,-281.766554881,547.321921208,false,0.8738315013,1.144691443
,2017-02-04 01:00:00.000,321,131.534656904,-283.00958114,546.078894948,false,0.8804560674,1.177269729
,2017-02-04 02:00:00.000,329,148.406788322,-266.137449722,562.951026366,false,0.8690988561,1.122141484
,2017-02-04 03:00:00.000,333,96.79626262,-317.747975424,511.340500664,false,0.9289051451,1.467685358
,2017-02-04 04:00:00.000,343,133.319307178,-281.224930866,547.863545223,false,0.9036922472,1.302880666
,2017-02-04 05:00:00.000,311,145.953899973,-268.590338071,560.498138017,false,0.8474451338,1.025537305
,2017-02-04 06:00:00.000,307,159.560910919,-254.983327125,574.105148963,false,0.8202015999,0.9161336506
,2017-02-04 07:00:00.000,327,164.962830633,-249.581407411,579.507068677,false,0.8429943791,1.006840889
,2017-02-04 08:00:00.000,343,165.547696319,-248.996541726,580.091934363,false,0.8649049773,1.102625008
,2017-02-04 09:00:00.000,340,173.389339763,-241.154898281,587.933577808,false,0.8497259959,1.035258922
,2017-02-04 10:00:00.000,324,161.024426273,-253.519811771,575.568664318,false,0.8443915234,1.012671797
,2017-02-04 11:00:00.000,300,164.879087635,-249.66515041,579.423325679,false,0.7994316637,0.8395929159
,2017-02-04 12:00:00.000,328,186.644962773,-227.899275272,601.189200817,false,0.8101175434,0.8783295332
,2017-02-04 13:00:00.000,387,182.863505431,-231.680732613,597.407743476,false,0.8976779625,1.268431005
,2017-02-04 14:00:00.000,413,185.280137316,-229.264100728,599.824375361,false,0.9214612955,1.414969601
,2017-02-04 15:00:00.000,384,192.958091325,-221.586146719,607.502329369,false,0.8823991945,1.187065942
,2017-02-04 16:00:00.000,386,178.542209894,-236.00202815,593.086447938,false,0.9013128364,1.289068345
,2017-02-04 17:00:00.000,385,176.76949279,-237.774745254,591.313730834,false,0.9021447895,1.293869732
,2017-02-04 18:00:00.000,398,147.571845088,-266.972392956,562.116083132,false,0.94015437,1.55607079
,2017-02-04 19:00:00.000,409,139.986495224,-274.55774282,554.530733268,false,0.9526937989,1.671553492
,2017-02-04 20:00:00.000,389,73.963858519,-340.580379525,488.508096563,false,0.9748569161,1.95752166
,2017-02-04 21:00:00.000,46,34.267544708,-380.276693336,448.811782752,false,0.529057659,0.07290127173
,2017-02-04 22:00:00.000,12,59.155243172,-355.388994872,473.699481216,false,0.3847588674,-0.2930057785
,2017-02-04 23:00:00.000,18,37.703872946,-376.840365098,452.24811099,false,0.4512781302,-0.1224328037
,2017-02-05 00:00:00.000,8,138.541371356,-276.002866688,553.0856094,false,0.2086434168,-0.8111372896
,2017-02-05 01:00:00.000,14,136.171664147,-278.372573897,550.715902192,false,0.2238871195,-0.7591309291
,2017-02-05 02:00:00.000,24,171.121300914,-243.42293713,585.665538958,false,0.1803166446,-0.9141590289
,2017-02-05 03:00:00.000,24,194.026951043,-220.517287001,608.571189087,false,0.1453729962,-1.056486528
